rotulo,DDoS,DoS,Mirai,Recon,Spoofing,Web,BruteForce,Benign
DDoS-ACK_Fragmentation,9991,3,0,4,1,0,0,1
DDoS-UDP_Flood,7343,2656,0,0,1,0,0,0
DDoS-SlowLoris,4411,22,0,31,10,2,0,4
DDoS-ICMP_Flood,9997,0,2,1,0,0,0,0
DDoS-RSTFINFlood,9996,3,1,0,0,0,0,0
DDoS-PSHACK_Flood,9992,7,0,1,0,0,0,0
DDoS-HTTP_Flood,4517,986,0,17,0,0,0,0
DDoS-UDP_Fragmentation,9988,2,2,3,2,0,0,3
DDoS-ICMP_Fragmentation,9981,5,9,0,4,0,0,1
DDoS-TCP_Flood,5477,4523,0,0,0,0,0,0
DDoS-SYN_Flood,8640,1358,0,2,0,0,0,0
DDoS-SynonymousIP_Flood,9376,622,0,2,0,0,0,0
DoS-TCP_Flood,2888,7107,2,3,0,0,0,0
DoS-HTTP_Flood,834,9034,0,125,2,5,0,0
DoS-SYN_Flood,6726,3272,1,1,0,0,0,0
DoS-UDP_Flood,3310,6686,1,0,3,0,0,0
Mirai-greip_flood,17,2,9965,0,16,0,0,0
Mirai-greeth_flood,35,2,9961,0,2,0,0,0
Mirai-udpplain,34,1,9958,3,3,1,0,0
Recon-PingSweep,0,0,0,373,10,5,12,32
Recon-OSScan,6,29,0,8485,131,51,32,1266
VulnerabilityScan,1,7,1,9353,206,115,27,290
Recon-PortScan,12,58,0,9206,111,54,45,514
Recon-HostDiscovery,0,4,0,9556,197,91,6,146
MITM-ArpSpoofing,0,1,0,893,8620,61,30,395
DNS_Spoofing,4,2,0,1099,8655,78,7,155
SqlInjection,2,1,0,888,9,86,6,12
CommandInjection,2,0,0,485,36,459,7,45
Backdoor_Malware,1,0,0,403,39,144,3,26
Uploading_Attack,0,0,0,152,10,69,0,8
XSS,0,0,0,462,39,205,5,30
BrowserHijacking,1,0,0,595,106,373,5,46
DictionaryBruteForce,0,0,0,1375,69,65,819,176
BenignTraffic,5,0,0,4301,285,56,31,5322
