rotulo,DDoS+DoS,Mirai,Recon,Spoofing,Web,BruteForce,Benign
DDoS-ACK_Fragmentation,14113,0,50,9,0,0,12
DDoS-UDP_Flood,14935,0,6,3,0,0,1
DDoS-SlowLoris,10430,0,1685,1326,6,0,2070
DDoS-ICMP_Flood,14919,0,6,3,0,0,1
DDoS-RSTFINFlood,15284,0,0,0,0,0,0
DDoS-PSHACK_Flood,15156,0,2,0,0,0,0
DDoS-HTTP_Flood,15146,0,111,8,10,0,21
DDoS-UDP_Fragmentation,14479,1,92,37,1,0,161
DDoS-ICMP_Fragmentation,14883,1,43,3,0,0,9
DDoS-TCP_Flood,14802,0,6,1,1,0,4
DDoS-SYN_Flood,24868,0,60,0,0,0,0
DDoS-SynonymousIP_Flood,14996,0,7,0,0,0,0
DoS-TCP_Flood,14878,0,5,2,0,0,1
DoS-HTTP_Flood,12292,0,941,205,182,4,557
DoS-SYN_Flood,24884,0,59,0,0,0,0
DoS-UDP_Flood,14958,0,12,46,0,0,14
Mirai-greip_flood,2,15064,0,5,0,0,0
Mirai-greeth_flood,1,15137,2,1,0,0,3
Mirai-udpplain,16,14515,82,39,2,0,41
Recon-PingSweep,2,0,13,4,0,0,11
Recon-OSScan,818,1,7833,92,13,14,313
VulnerabilityScan,137,0,3840,353,200,65,823
Recon-PortScan,622,0,5873,13,0,2,87
Recon-HostDiscovery,35,0,11504,84,3,0,108
MITM-ArpSpoofing,109,0,769,16610,164,1,557
DNS_Spoofing,220,0,567,11621,101,0,545
SqlInjection,118,0,138,10,63,3,38
CommandInjection,68,0,43,12,35,0,16
Backdoor_Malware,28,0,113,31,75,1,24
Uploading_Attack,9,0,40,18,40,0,6
XSS,20,0,128,50,102,0,37
BrowserHijacking,7,0,59,35,111,0,69
DictionaryBruteForce,316,0,484,57,36,500,76
BenignTraffic,485,0,873,567,44,64,14028
