execucao,feature,importancia
f39_estratificada_c8,Tot sum,0.107936
f39_estratificada_c8,Rate,0.081935
f39_estratificada_c8,Number,0.075569
f39_estratificada_c8,Protocol Type,0.057871
f39_estratificada_c8,Max,0.056492
f39_estratificada_c8,Min,0.056273
f39_estratificada_c8,IAT,0.056031
f39_estratificada_c8,Tot size,0.051378
f39_estratificada_c8,AVG,0.046978
f39_estratificada_c8,Header_Length,0.043649
f39_estratificada_c8,Variance,0.043063
f39_estratificada_c8,Time_To_Live,0.042689
f39_estratificada_c8,Std,0.040750
f39_estratificada_c8,HTTPS,0.029915
f39_estratificada_c8,ack_count,0.026920
f39_estratificada_c8,ack_flag_number,0.024397
f39_estratificada_c8,psh_flag_number,0.018585
f39_estratificada_c8,syn_count,0.017135
f39_estratificada_c8,syn_flag_number,0.015670
f39_estratificada_c8,UDP,0.014769
f39_estratificada_c8,TCP,0.014639
f39_estratificada_c8,ICMP,0.011515
f39_estratificada_c8,HTTP,0.011425
f39_estratificada_c8,rst_count,0.010397
f39_estratificada_c8,fin_count,0.009804
f39_estratificada_c8,fin_flag_number,0.008764
f39_estratificada_c8,rst_flag_number,0.008337
f39_estratificada_c8,DNS,0.004522
f39_estratificada_c8,SSH,0.004317
f39_estratificada_c8,ARP,0.002551
f39_estratificada_c8,IPv,0.002544
f39_estratificada_c8,LLC,0.001990
f39_estratificada_c8,DHCP,0.000565
f39_estratificada_c8,ece_flag_number,0.000244
f39_estratificada_c8,IGMP,0.000136
f39_estratificada_c8,cwr_flag_number,0.000133
f39_estratificada_c8,IRC,0.000074
f39_estratificada_c8,SMTP,0.000021
f39_estratificada_c8,Telnet,0.000017
f39_estratificada_c7,Tot sum,0.127356
f39_estratificada_c7,Number,0.112842
f39_estratificada_c7,Max,0.066103
f39_estratificada_c7,Tot size,0.064415
f39_estratificada_c7,Min,0.059825
f39_estratificada_c7,Protocol Type,0.059617
f39_estratificada_c7,AVG,0.056500
f39_estratificada_c7,Rate,0.053933
f39_estratificada_c7,Std,0.045589
f39_estratificada_c7,IAT,0.044360
f39_estratificada_c7,Time_To_Live,0.043862
f39_estratificada_c7,HTTPS,0.038165
f39_estratificada_c7,Variance,0.037679
f39_estratificada_c7,Header_Length,0.030378
f39_estratificada_c7,ack_count,0.029028
f39_estratificada_c7,ack_flag_number,0.021903
f39_estratificada_c7,syn_count,0.015990
f39_estratificada_c7,TCP,0.015775
f39_estratificada_c7,UDP,0.013599
f39_estratificada_c7,psh_flag_number,0.010741
f39_estratificada_c7,syn_flag_number,0.010401
f39_estratificada_c7,HTTP,0.005143
f39_estratificada_c7,ICMP,0.004737
f39_estratificada_c7,SSH,0.004627
f39_estratificada_c7,DNS,0.004548
f39_estratificada_c7,fin_count,0.004411
f39_estratificada_c7,rst_count,0.004047
f39_estratificada_c7,fin_flag_number,0.003580
f39_estratificada_c7,rst_flag_number,0.003519
f39_estratificada_c7,ARP,0.002217
f39_estratificada_c7,LLC,0.002045
f39_estratificada_c7,IPv,0.002012
f39_estratificada_c7,DHCP,0.000501
f39_estratificada_c7,ece_flag_number,0.000238
f39_estratificada_c7,cwr_flag_number,0.000132
f39_estratificada_c7,IGMP,0.000125
f39_estratificada_c7,IRC,0.000057
f39_estratificada_c7,Telnet,0.000001
f39_estratificada_c7,SMTP,0.000001
f39_grupos_c8,Tot sum,0.104634
f39_grupos_c8,Rate,0.082302
f39_grupos_c8,Number,0.081972
f39_grupos_c8,Max,0.061833
f39_grupos_c8,Protocol Type,0.058955
f39_grupos_c8,IAT,0.055831
f39_grupos_c8,Tot size,0.052662
f39_grupos_c8,Min,0.049843
f39_grupos_c8,AVG,0.047376
f39_grupos_c8,Header_Length,0.045762
f39_grupos_c8,Std,0.041692
f39_grupos_c8,Variance,0.040855
f39_grupos_c8,Time_To_Live,0.040782
f39_grupos_c8,HTTPS,0.029566
f39_grupos_c8,ack_count,0.027959
f39_grupos_c8,ack_flag_number,0.023738
f39_grupos_c8,psh_flag_number,0.019689
f39_grupos_c8,syn_count,0.016705
f39_grupos_c8,TCP,0.015083
f39_grupos_c8,UDP,0.015032
f39_grupos_c8,syn_flag_number,0.014279
f39_grupos_c8,HTTP,0.010341
f39_grupos_c8,fin_count,0.009482
f39_grupos_c8,rst_count,0.009381
f39_grupos_c8,rst_flag_number,0.009275
f39_grupos_c8,ICMP,0.008924
f39_grupos_c8,fin_flag_number,0.008821
f39_grupos_c8,DNS,0.004466
f39_grupos_c8,SSH,0.004410
f39_grupos_c8,ARP,0.002553
f39_grupos_c8,IPv,0.002429
f39_grupos_c8,LLC,0.002181
f39_grupos_c8,DHCP,0.000571
f39_grupos_c8,ece_flag_number,0.000241
f39_grupos_c8,IGMP,0.000142
f39_grupos_c8,cwr_flag_number,0.000118
f39_grupos_c8,IRC,0.000079
f39_grupos_c8,SMTP,0.000021
f39_grupos_c8,Telnet,0.000017
f39_grupos_c7,Tot sum,0.128697
f39_grupos_c7,Number,0.119708
f39_grupos_c7,Min,0.068552
f39_grupos_c7,Max,0.066009
f39_grupos_c7,Tot size,0.061199
f39_grupos_c7,Protocol Type,0.060489
f39_grupos_c7,AVG,0.052511
f39_grupos_c7,Rate,0.050977
f39_grupos_c7,IAT,0.047367
f39_grupos_c7,Time_To_Live,0.046353
f39_grupos_c7,Variance,0.045270
f39_grupos_c7,HTTPS,0.037210
f39_grupos_c7,Std,0.036947
f39_grupos_c7,Header_Length,0.030837
f39_grupos_c7,ack_count,0.023497
f39_grupos_c7,ack_flag_number,0.021301
f39_grupos_c7,TCP,0.018059
f39_grupos_c7,UDP,0.012515
f39_grupos_c7,syn_flag_number,0.011553
f39_grupos_c7,syn_count,0.010968
f39_grupos_c7,psh_flag_number,0.009379
f39_grupos_c7,HTTP,0.006121
f39_grupos_c7,SSH,0.004712
f39_grupos_c7,DNS,0.004522
f39_grupos_c7,rst_count,0.004191
f39_grupos_c7,fin_count,0.003818
f39_grupos_c7,rst_flag_number,0.003813
f39_grupos_c7,fin_flag_number,0.003231
f39_grupos_c7,ARP,0.002643
f39_grupos_c7,ICMP,0.002605
f39_grupos_c7,LLC,0.002110
f39_grupos_c7,IPv,0.001764
f39_grupos_c7,DHCP,0.000501
f39_grupos_c7,ece_flag_number,0.000246
f39_grupos_c7,IGMP,0.000140
f39_grupos_c7,cwr_flag_number,0.000117
f39_grupos_c7,IRC,0.000065
f39_grupos_c7,SMTP,0.000001
f39_grupos_c7,Telnet,0.000001
f33_estratificada_c8,Rate,0.096614
f33_estratificada_c8,IAT,0.083291
f33_estratificada_c8,Max,0.081234
f33_estratificada_c8,AVG,0.068492
f33_estratificada_c8,Time_To_Live,0.065141
f33_estratificada_c8,Header_Length,0.062385
f33_estratificada_c8,Tot size,0.061520
f33_estratificada_c8,Min,0.056454
f33_estratificada_c8,Std,0.051599
f33_estratificada_c8,Variance,0.047623
f33_estratificada_c8,Protocol Type,0.046658
f33_estratificada_c8,HTTPS,0.040125
f33_estratificada_c8,ack_flag_number,0.038497
f33_estratificada_c8,psh_flag_number,0.028559
f33_estratificada_c8,syn_flag_number,0.027161
f33_estratificada_c8,TCP,0.025439
f33_estratificada_c8,UDP,0.020412
f33_estratificada_c8,rst_flag_number,0.019091
f33_estratificada_c8,fin_flag_number,0.018415
f33_estratificada_c8,HTTP,0.017469
f33_estratificada_c8,ICMP,0.016041
f33_estratificada_c8,DNS,0.005819
f33_estratificada_c8,ARP,0.005682
f33_estratificada_c8,LLC,0.005531
f33_estratificada_c8,IPv,0.005241
f33_estratificada_c8,SSH,0.004181
f33_estratificada_c8,DHCP,0.000644
f33_estratificada_c8,ece_flag_number,0.000248
f33_estratificada_c8,IGMP,0.000162
f33_estratificada_c8,cwr_flag_number,0.000144
f33_estratificada_c8,IRC,0.000084
f33_estratificada_c8,SMTP,0.000025
f33_estratificada_c8,Telnet,0.000021
f33_estratificada_c7,Time_To_Live,0.083538
f33_estratificada_c7,Max,0.082912
f33_estratificada_c7,Rate,0.081780
f33_estratificada_c7,Tot size,0.079751
f33_estratificada_c7,IAT,0.079730
f33_estratificada_c7,Min,0.078766
f33_estratificada_c7,AVG,0.073183
f33_estratificada_c7,HTTPS,0.052511
f33_estratificada_c7,Variance,0.051340
f33_estratificada_c7,Std,0.047949
f33_estratificada_c7,Header_Length,0.046995
f33_estratificada_c7,Protocol Type,0.045198
f33_estratificada_c7,ack_flag_number,0.039783
f33_estratificada_c7,syn_flag_number,0.022400
f33_estratificada_c7,TCP,0.020990
f33_estratificada_c7,psh_flag_number,0.020589
f33_estratificada_c7,UDP,0.018433
f33_estratificada_c7,HTTP,0.014988
f33_estratificada_c7,rst_flag_number,0.011736
f33_estratificada_c7,fin_flag_number,0.010394
f33_estratificada_c7,ICMP,0.007310
f33_estratificada_c7,IPv,0.006561
f33_estratificada_c7,ARP,0.006415
f33_estratificada_c7,DNS,0.005768
f33_estratificada_c7,LLC,0.005227
f33_estratificada_c7,SSH,0.004485
f33_estratificada_c7,DHCP,0.000591
f33_estratificada_c7,ece_flag_number,0.000258
f33_estratificada_c7,cwr_flag_number,0.000151
f33_estratificada_c7,IGMP,0.000148
f33_estratificada_c7,IRC,0.000083
f33_estratificada_c7,SMTP,0.000019
f33_estratificada_c7,Telnet,0.000017
f33_grupos_c8,Rate,0.095943
f33_grupos_c8,IAT,0.081321
f33_grupos_c8,Max,0.074048
f33_grupos_c8,AVG,0.068094
f33_grupos_c8,Time_To_Live,0.065395
f33_grupos_c8,Tot size,0.064574
f33_grupos_c8,Header_Length,0.063551
f33_grupos_c8,Min,0.057954
f33_grupos_c8,Variance,0.053160
f33_grupos_c8,Std,0.049923
f33_grupos_c8,Protocol Type,0.047801
f33_grupos_c8,ack_flag_number,0.039565
f33_grupos_c8,HTTPS,0.037802
f33_grupos_c8,TCP,0.028497
f33_grupos_c8,psh_flag_number,0.027612
f33_grupos_c8,syn_flag_number,0.025739
f33_grupos_c8,UDP,0.022884
f33_grupos_c8,rst_flag_number,0.019592
f33_grupos_c8,fin_flag_number,0.017998
f33_grupos_c8,HTTP,0.016216
f33_grupos_c8,ICMP,0.015834
f33_grupos_c8,DNS,0.005584
f33_grupos_c8,ARP,0.005466
f33_grupos_c8,LLC,0.005110
f33_grupos_c8,IPv,0.004837
f33_grupos_c8,SSH,0.004150
f33_grupos_c8,DHCP,0.000655
f33_grupos_c8,ece_flag_number,0.000243
f33_grupos_c8,IGMP,0.000166
f33_grupos_c8,cwr_flag_number,0.000142
f33_grupos_c8,IRC,0.000088
f33_grupos_c8,SMTP,0.000032
f33_grupos_c8,Telnet,0.000024
f33_grupos_c7,Rate,0.086045
f33_grupos_c7,Max,0.084107
f33_grupos_c7,Time_To_Live,0.081588
f33_grupos_c7,AVG,0.081505
f33_grupos_c7,IAT,0.077026
f33_grupos_c7,Tot size,0.075937
f33_grupos_c7,Min,0.074363
f33_grupos_c7,Variance,0.052049
f33_grupos_c7,HTTPS,0.050822
f33_grupos_c7,Header_Length,0.048967
f33_grupos_c7,Std,0.045571
f33_grupos_c7,Protocol Type,0.043542
f33_grupos_c7,ack_flag_number,0.041021
f33_grupos_c7,TCP,0.024884
f33_grupos_c7,syn_flag_number,0.021930
f33_grupos_c7,UDP,0.021410
f33_grupos_c7,psh_flag_number,0.018371
f33_grupos_c7,HTTP,0.012476
f33_grupos_c7,rst_flag_number,0.010967
f33_grupos_c7,fin_flag_number,0.010245
f33_grupos_c7,IPv,0.007090
f33_grupos_c7,ARP,0.006727
f33_grupos_c7,ICMP,0.006470
f33_grupos_c7,LLC,0.005937
f33_grupos_c7,DNS,0.005137
f33_grupos_c7,SSH,0.004534
f33_grupos_c7,DHCP,0.000589
f33_grupos_c7,ece_flag_number,0.000253
f33_grupos_c7,IGMP,0.000166
f33_grupos_c7,cwr_flag_number,0.000145
f33_grupos_c7,IRC,0.000089
f33_grupos_c7,Telnet,0.000019
f33_grupos_c7,SMTP,0.000018
f39_estratificada_c8_natural,Rate,0.153220
f39_estratificada_c8_natural,Tot size,0.089880
f39_estratificada_c8_natural,IAT,0.078793
f39_estratificada_c8_natural,AVG,0.072901
f39_estratificada_c8_natural,Tot sum,0.070593
f39_estratificada_c8_natural,Max,0.055168
f39_estratificada_c8_natural,Protocol Type,0.051041
f39_estratificada_c8_natural,Header_Length,0.040325
f39_estratificada_c8_natural,Min,0.034900
f39_estratificada_c8_natural,Std,0.034479
f39_estratificada_c8_natural,Number,0.031970
f39_estratificada_c8_natural,Variance,0.031121
f39_estratificada_c8_natural,Time_To_Live,0.029721
f39_estratificada_c8_natural,ICMP,0.023509
f39_estratificada_c8_natural,ack_flag_number,0.022841
f39_estratificada_c8_natural,psh_flag_number,0.020548
f39_estratificada_c8_natural,ack_count,0.019101
f39_estratificada_c8_natural,UDP,0.018740
f39_estratificada_c8_natural,HTTPS,0.018325
f39_estratificada_c8_natural,TCP,0.017349
f39_estratificada_c8_natural,syn_count,0.015709
f39_estratificada_c8_natural,syn_flag_number,0.012729
f39_estratificada_c8_natural,fin_flag_number,0.012521
f39_estratificada_c8_natural,rst_flag_number,0.010880
f39_estratificada_c8_natural,rst_count,0.008976
f39_estratificada_c8_natural,fin_count,0.007841
f39_estratificada_c8_natural,HTTP,0.006991
f39_estratificada_c8_natural,DNS,0.002648
f39_estratificada_c8_natural,IPv,0.002031
f39_estratificada_c8_natural,LLC,0.001896
f39_estratificada_c8_natural,ARP,0.001789
f39_estratificada_c8_natural,SSH,0.000584
f39_estratificada_c8_natural,DHCP,0.000413
f39_estratificada_c8_natural,ece_flag_number,0.000136
f39_estratificada_c8_natural,IRC,0.000085
f39_estratificada_c8_natural,IGMP,0.000080
f39_estratificada_c8_natural,cwr_flag_number,0.000061
f39_estratificada_c8_natural,SMTP,0.000055
f39_estratificada_c8_natural,Telnet,0.000050
f39_estratificada_c7_natural,Tot sum,0.120466
f39_estratificada_c7_natural,Tot size,0.114683
f39_estratificada_c7_natural,AVG,0.105351
f39_estratificada_c7_natural,Max,0.095547
f39_estratificada_c7_natural,Number,0.067056
f39_estratificada_c7_natural,Protocol Type,0.060156
f39_estratificada_c7_natural,Min,0.057812
f39_estratificada_c7_natural,Std,0.056058
f39_estratificada_c7_natural,Variance,0.054905
f39_estratificada_c7_natural,IAT,0.046463
f39_estratificada_c7_natural,Rate,0.044631
f39_estratificada_c7_natural,Header_Length,0.032017
f39_estratificada_c7_natural,Time_To_Live,0.027497
f39_estratificada_c7_natural,HTTPS,0.023659
f39_estratificada_c7_natural,ack_count,0.015653
f39_estratificada_c7_natural,ack_flag_number,0.015338
f39_estratificada_c7_natural,TCP,0.012270
f39_estratificada_c7_natural,UDP,0.008071
f39_estratificada_c7_natural,psh_flag_number,0.006569
f39_estratificada_c7_natural,syn_count,0.005491
f39_estratificada_c7_natural,syn_flag_number,0.004789
f39_estratificada_c7_natural,DNS,0.003358
f39_estratificada_c7_natural,IPv,0.003353
f39_estratificada_c7_natural,ICMP,0.003119
f39_estratificada_c7_natural,HTTP,0.002960
f39_estratificada_c7_natural,ARP,0.002714
f39_estratificada_c7_natural,fin_flag_number,0.002238
f39_estratificada_c7_natural,fin_count,0.002091
f39_estratificada_c7_natural,LLC,0.001787
f39_estratificada_c7_natural,rst_flag_number,0.001410
f39_estratificada_c7_natural,rst_count,0.001370
f39_estratificada_c7_natural,SSH,0.000530
f39_estratificada_c7_natural,DHCP,0.000276
f39_estratificada_c7_natural,ece_flag_number,0.000137
f39_estratificada_c7_natural,cwr_flag_number,0.000079
f39_estratificada_c7_natural,IGMP,0.000062
f39_estratificada_c7_natural,IRC,0.000032
f39_estratificada_c7_natural,SMTP,0.000002
f39_estratificada_c7_natural,Telnet,0.000001
f33_estratificada_c8_natural,Rate,0.158989
f33_estratificada_c8_natural,AVG,0.096522
f33_estratificada_c8_natural,Tot size,0.092059
f33_estratificada_c8_natural,IAT,0.085264
f33_estratificada_c8_natural,Max,0.076393
f33_estratificada_c8_natural,Min,0.047726
f33_estratificada_c8_natural,Header_Length,0.047246
f33_estratificada_c8_natural,Protocol Type,0.041381
f33_estratificada_c8_natural,Std,0.037011
f33_estratificada_c8_natural,Variance,0.036490
f33_estratificada_c8_natural,Time_To_Live,0.036011
f33_estratificada_c8_natural,ack_flag_number,0.033967
f33_estratificada_c8_natural,psh_flag_number,0.027767
f33_estratificada_c8_natural,ICMP,0.026841
f33_estratificada_c8_natural,syn_flag_number,0.026744
f33_estratificada_c8_natural,HTTPS,0.023652
f33_estratificada_c8_natural,TCP,0.022544
f33_estratificada_c8_natural,rst_flag_number,0.022195
f33_estratificada_c8_natural,UDP,0.021778
f33_estratificada_c8_natural,fin_flag_number,0.018144
f33_estratificada_c8_natural,HTTP,0.007545
f33_estratificada_c8_natural,DNS,0.003389
f33_estratificada_c8_natural,ARP,0.003007
f33_estratificada_c8_natural,LLC,0.002973
f33_estratificada_c8_natural,IPv,0.002801
f33_estratificada_c8_natural,SSH,0.000598
f33_estratificada_c8_natural,DHCP,0.000469
f33_estratificada_c8_natural,ece_flag_number,0.000147
f33_estratificada_c8_natural,IGMP,0.000090
f33_estratificada_c8_natural,IRC,0.000089
f33_estratificada_c8_natural,cwr_flag_number,0.000065
f33_estratificada_c8_natural,SMTP,0.000055
f33_estratificada_c8_natural,Telnet,0.000049
f33_estratificada_c7_natural,Tot size,0.134168
f33_estratificada_c7_natural,AVG,0.131131
f33_estratificada_c7_natural,Max,0.115497
f33_estratificada_c7_natural,Min,0.084420
f33_estratificada_c7_natural,Variance,0.073605
f33_estratificada_c7_natural,Rate,0.060477
f33_estratificada_c7_natural,Std,0.059677
f33_estratificada_c7_natural,IAT,0.056130
f33_estratificada_c7_natural,Protocol Type,0.048166
f33_estratificada_c7_natural,Header_Length,0.044283
f33_estratificada_c7_natural,Time_To_Live,0.036203
f33_estratificada_c7_natural,HTTPS,0.035921
f33_estratificada_c7_natural,ack_flag_number,0.029388
f33_estratificada_c7_natural,TCP,0.018248
f33_estratificada_c7_natural,psh_flag_number,0.011685
f33_estratificada_c7_natural,UDP,0.010231
f33_estratificada_c7_natural,syn_flag_number,0.009795
f33_estratificada_c7_natural,HTTP,0.005322
f33_estratificada_c7_natural,DNS,0.005291
f33_estratificada_c7_natural,fin_flag_number,0.005258
f33_estratificada_c7_natural,LLC,0.005249
f33_estratificada_c7_natural,ICMP,0.005110
f33_estratificada_c7_natural,IPv,0.004887
f33_estratificada_c7_natural,ARP,0.004435
f33_estratificada_c7_natural,rst_flag_number,0.004080
f33_estratificada_c7_natural,SSH,0.000600
f33_estratificada_c7_natural,DHCP,0.000369
f33_estratificada_c7_natural,ece_flag_number,0.000140
f33_estratificada_c7_natural,IGMP,0.000081
f33_estratificada_c7_natural,cwr_flag_number,0.000076
f33_estratificada_c7_natural,IRC,0.000043
f33_estratificada_c7_natural,Telnet,0.000018
f33_estratificada_c7_natural,SMTP,0.000016
f39_estratificada_c34,Rate,0.074925
f39_estratificada_c34,Tot sum,0.064443
f39_estratificada_c34,Header_Length,0.064015
f39_estratificada_c34,IAT,0.058067
f39_estratificada_c34,Max,0.056379
f39_estratificada_c34,AVG,0.045783
f39_estratificada_c34,Protocol Type,0.045100
f39_estratificada_c34,Tot size,0.040712
f39_estratificada_c34,Std,0.040608
f39_estratificada_c34,Variance,0.040008
f39_estratificada_c34,ICMP,0.037970
f39_estratificada_c34,Time_To_Live,0.037816
f39_estratificada_c34,ack_count,0.037807
f39_estratificada_c34,TCP,0.036189
f39_estratificada_c34,psh_flag_number,0.033975
f39_estratificada_c34,syn_flag_number,0.033050
f39_estratificada_c34,syn_count,0.030714
f39_estratificada_c34,ack_flag_number,0.028563
f39_estratificada_c34,Min,0.026986
f39_estratificada_c34,UDP,0.025027
f39_estratificada_c34,Number,0.020968
f39_estratificada_c34,fin_flag_number,0.018875
f39_estratificada_c34,HTTPS,0.018773
f39_estratificada_c34,fin_count,0.018698
f39_estratificada_c34,rst_count,0.017956
f39_estratificada_c34,HTTP,0.014365
f39_estratificada_c34,rst_flag_number,0.014257
f39_estratificada_c34,DNS,0.004963
f39_estratificada_c34,SSH,0.002952
f39_estratificada_c34,ARP,0.002905
f39_estratificada_c34,LLC,0.002867
f39_estratificada_c34,IPv,0.002799
f39_estratificada_c34,DHCP,0.000695
f39_estratificada_c34,IGMP,0.000180
f39_estratificada_c34,ece_flag_number,0.000174
f39_estratificada_c34,IRC,0.000153
f39_estratificada_c34,cwr_flag_number,0.000127
f39_estratificada_c34,SMTP,0.000080
f39_estratificada_c34,Telnet,0.000077
f39_estratificada_c34_natural,ICMP,0.094074
f39_estratificada_c34_natural,UDP,0.077875
f39_estratificada_c34_natural,Rate,0.072802
f39_estratificada_c34_natural,syn_count,0.062764
f39_estratificada_c34_natural,TCP,0.057116
f39_estratificada_c34_natural,Header_Length,0.049703
f39_estratificada_c34_natural,ack_count,0.049551
f39_estratificada_c34_natural,Protocol Type,0.047802
f39_estratificada_c34_natural,psh_flag_number,0.047684
f39_estratificada_c34_natural,fin_flag_number,0.045246
f39_estratificada_c34_natural,IAT,0.043913
f39_estratificada_c34_natural,syn_flag_number,0.043117
f39_estratificada_c34_natural,Tot sum,0.034416
f39_estratificada_c34_natural,AVG,0.030804
f39_estratificada_c34_natural,rst_flag_number,0.030607
f39_estratificada_c34_natural,rst_count,0.029805
f39_estratificada_c34_natural,Tot size,0.028378
f39_estratificada_c34_natural,Max,0.026623
f39_estratificada_c34_natural,ack_flag_number,0.024422
f39_estratificada_c34_natural,Time_To_Live,0.016952
f39_estratificada_c34_natural,Variance,0.016579
f39_estratificada_c34_natural,Std,0.015715
f39_estratificada_c34_natural,fin_count,0.014885
f39_estratificada_c34_natural,Min,0.013309
f39_estratificada_c34_natural,Number,0.008618
f39_estratificada_c34_natural,HTTPS,0.006486
f39_estratificada_c34_natural,HTTP,0.005060
f39_estratificada_c34_natural,DNS,0.001660
f39_estratificada_c34_natural,LLC,0.001148
f39_estratificada_c34_natural,IPv,0.001051
f39_estratificada_c34_natural,ARP,0.001000
f39_estratificada_c34_natural,SSH,0.000307
f39_estratificada_c34_natural,DHCP,0.000251
f39_estratificada_c34_natural,ece_flag_number,0.000064
f39_estratificada_c34_natural,IRC,0.000058
f39_estratificada_c34_natural,IGMP,0.000050
f39_estratificada_c34_natural,SMTP,0.000041
f39_estratificada_c34_natural,Telnet,0.000038
f39_estratificada_c34_natural,cwr_flag_number,0.000027
f39_estratificada_c2,Time_To_Live,0.104987
f39_estratificada_c2,IAT,0.103842
f39_estratificada_c2,Rate,0.101390
f39_estratificada_c2,Max,0.071249
f39_estratificada_c2,HTTPS,0.062180
f39_estratificada_c2,Variance,0.060839
f39_estratificada_c2,Tot size,0.058717
f39_estratificada_c2,Std,0.058699
f39_estratificada_c2,Tot sum,0.054560
f39_estratificada_c2,AVG,0.053528
f39_estratificada_c2,Header_Length,0.038852
f39_estratificada_c2,psh_flag_number,0.038443
f39_estratificada_c2,Min,0.021460
f39_estratificada_c2,Number,0.020434
f39_estratificada_c2,ack_flag_number,0.020059
f39_estratificada_c2,ack_count,0.019275
f39_estratificada_c2,syn_flag_number,0.013488
f39_estratificada_c2,syn_count,0.012111
f39_estratificada_c2,HTTP,0.011252
f39_estratificada_c2,UDP,0.010708
f39_estratificada_c2,TCP,0.009177
f39_estratificada_c2,DNS,0.008690
f39_estratificada_c2,fin_flag_number,0.008010
f39_estratificada_c2,fin_count,0.007608
f39_estratificada_c2,ICMP,0.004289
f39_estratificada_c2,IPv,0.004190
f39_estratificada_c2,ARP,0.004180
f39_estratificada_c2,LLC,0.004049
f39_estratificada_c2,rst_count,0.003483
f39_estratificada_c2,rst_flag_number,0.003327
f39_estratificada_c2,SSH,0.002862
f39_estratificada_c2,DHCP,0.001476
f39_estratificada_c2,Protocol Type,0.000928
f39_estratificada_c2,ece_flag_number,0.000692
f39_estratificada_c2,IGMP,0.000440
f39_estratificada_c2,cwr_flag_number,0.000329
f39_estratificada_c2,IRC,0.000194
f39_estratificada_c2,Telnet,0.000001
f39_estratificada_c2,SMTP,0.000000
f39_estratificada_c2_natural,Number,0.100141
f39_estratificada_c2_natural,Header_Length,0.095814
f39_estratificada_c2_natural,IAT,0.085381
f39_estratificada_c2_natural,Time_To_Live,0.083214
f39_estratificada_c2_natural,Rate,0.081644
f39_estratificada_c2_natural,HTTPS,0.073629
f39_estratificada_c2_natural,Max,0.063291
f39_estratificada_c2_natural,Tot sum,0.057304
f39_estratificada_c2_natural,Std,0.052848
f39_estratificada_c2_natural,Variance,0.045795
f39_estratificada_c2_natural,Tot size,0.045134
f39_estratificada_c2_natural,AVG,0.033355
f39_estratificada_c2_natural,Min,0.028657
f39_estratificada_c2_natural,psh_flag_number,0.022002
f39_estratificada_c2_natural,ack_count,0.021673
f39_estratificada_c2_natural,ack_flag_number,0.021043
f39_estratificada_c2_natural,syn_flag_number,0.011758
f39_estratificada_c2_natural,syn_count,0.011452
f39_estratificada_c2_natural,HTTP,0.008759
f39_estratificada_c2_natural,fin_count,0.007184
f39_estratificada_c2_natural,UDP,0.006937
f39_estratificada_c2_natural,TCP,0.006769
f39_estratificada_c2_natural,DNS,0.006285
f39_estratificada_c2_natural,fin_flag_number,0.005913
f39_estratificada_c2_natural,LLC,0.004102
f39_estratificada_c2_natural,ARP,0.003732
f39_estratificada_c2_natural,IPv,0.003580
f39_estratificada_c2_natural,rst_flag_number,0.003230
f39_estratificada_c2_natural,ICMP,0.002415
f39_estratificada_c2_natural,rst_count,0.002314
f39_estratificada_c2_natural,Protocol Type,0.001800
f39_estratificada_c2_natural,SSH,0.001158
f39_estratificada_c2_natural,DHCP,0.000805
f39_estratificada_c2_natural,ece_flag_number,0.000421
f39_estratificada_c2_natural,cwr_flag_number,0.000226
f39_estratificada_c2_natural,IGMP,0.000164
f39_estratificada_c2_natural,IRC,0.000068
f39_estratificada_c2_natural,Telnet,0.000001
f39_estratificada_c2_natural,SMTP,0.000001
