arquivo,rotulo,benigno,janela,janelas,com_atacante,sem_atacante,fracao_sem_atacante,incompletas
Backdoor_Malware.pcap,Backdoor_Malware,0,10,3218,912,2306,0.716594,1
Backdoor_Malware.pcap,Backdoor_Malware,0,100,322,253,69,0.214286,1
BenignTraffic.pcap,BenignTraffic,1,10,362278,20326,341952,0.943894,1
BenignTraffic.pcap,BenignTraffic,1,100,36228,9788,26440,0.729822,1
BenignTraffic1.pcap,BenignTraffic,1,10,295489,15989,279500,0.945890,1
BenignTraffic1.pcap,BenignTraffic,1,100,29549,7835,21714,0.734847,1
BenignTraffic2.pcap,BenignTraffic,1,10,310319,17124,293195,0.944818,1
BenignTraffic2.pcap,BenignTraffic,1,100,31032,8648,22384,0.721320,1
BrowserHijacking.pcap,BrowserHijacking,0,10,5858,2476,3382,0.577330,1
BrowserHijacking.pcap,BrowserHijacking,0,100,586,459,127,0.216724,1
CommandInjection.pcap,CommandInjection,0,10,5409,1202,4207,0.777778,1
CommandInjection.pcap,CommandInjection,0,100,541,377,164,0.303142,1
DDoS-ACK_Fragmentation.pcap,DDoS-ACK_Fragmentation,0,10,249836,243900,5936,0.023760,1
DDoS-ACK_Fragmentation.pcap,DDoS-ACK_Fragmentation,0,100,24984,24457,527,0.021093,1
DDoS-HTTP_Flood-.pcap,DDoS-HTTP_Flood,0,10,287559,280956,6603,0.022962,0
DDoS-HTTP_Flood-.pcap,DDoS-HTTP_Flood,0,100,28756,28570,186,0.006468,1
DDoS-ICMP_Flood.pcap,DDoS-ICMP_Flood,0,10,2679086,2677303,1783,0.000666,1
DDoS-ICMP_Flood.pcap,DDoS-ICMP_Flood,0,100,267909,267863,46,0.000172,1
DDoS-ICMP_Fragmentation.pcap,DDoS-ICMP_Fragmentation,0,10,205967,203141,2826,0.013721,1
DDoS-ICMP_Fragmentation.pcap,DDoS-ICMP_Fragmentation,0,100,20597,20479,118,0.005729,1
DDoS-PSHACK_Flood.pcap,DDoS-PSHACK_Flood,0,10,2677112,2675472,1640,0.000613,1
DDoS-PSHACK_Flood.pcap,DDoS-PSHACK_Flood,0,100,267712,267618,94,0.000351,1
DDoS-RSTFINFlood.pcap,DDoS-RSTFINFlood,0,10,2668315,2666660,1655,0.000620,1
DDoS-RSTFINFlood.pcap,DDoS-RSTFINFlood,0,100,266832,266742,90,0.000337,1
DDoS-SYN_Flood.pcap,DDoS-SYN_Flood,0,10,2659244,2656622,2622,0.000986,1
DDoS-SYN_Flood.pcap,DDoS-SYN_Flood,0,100,265925,265702,223,0.000839,1
DDoS-SYN_Flood1.pcap,DDoS-SYN_Flood,0,10,2670961,2669541,1420,0.000532,1
DDoS-SYN_Flood1.pcap,DDoS-SYN_Flood,0,100,267097,267029,68,0.000255,1
DDoS-SlowLoris.pcap,DDoS-SlowLoris,0,10,233903,179601,54302,0.232156,1
DDoS-SlowLoris.pcap,DDoS-SlowLoris,0,100,23391,21710,1681,0.071865,1
DDoS-SynonymousIP_Flood.pcap,DDoS-SynonymousIP_Flood,0,10,2685243,2684667,576,0.000215,1
DDoS-SynonymousIP_Flood.pcap,DDoS-SynonymousIP_Flood,0,100,268525,268499,26,0.000097,1
DDoS-TCP_Flood.pcap,DDoS-TCP_Flood,0,10,2656703,2650042,6661,0.002507,0
DDoS-TCP_Flood.pcap,DDoS-TCP_Flood,0,100,265671,265218,453,0.001705,1
DDoS-UDP_Flood.pcap,DDoS-UDP_Flood,0,10,2665025,2661376,3649,0.001369,0
DDoS-UDP_Flood.pcap,DDoS-UDP_Flood,0,100,266503,266297,206,0.000773,1
DDoS-UDP_Fragmentation.pcap,DDoS-UDP_Fragmentation,0,10,224381,221697,2684,0.011962,1
DDoS-UDP_Fragmentation.pcap,DDoS-UDP_Fragmentation,0,100,22439,22394,45,0.002005,1
DNS_Spoofing.pcap,DNS_Spoofing,0,10,178872,47876,130996,0.732345,1
DNS_Spoofing.pcap,DNS_Spoofing,0,100,17888,10586,7302,0.408207,1
DictionaryBruteForce.pcap,DictionaryBruteForce,0,10,13064,5549,7515,0.575245,1
DictionaryBruteForce.pcap,DictionaryBruteForce,0,100,1307,1042,265,0.202754,1
DoS-HTTP_Flood1.pcap,DoS-HTTP_Flood,0,10,310988,298903,12085,0.038860,1
DoS-HTTP_Flood1.pcap,DoS-HTTP_Flood,0,100,31099,30881,218,0.007010,1
DoS-SYN_Flood.pcap,DoS-SYN_Flood,0,10,2625859,2624053,1806,0.000688,1
DoS-SYN_Flood.pcap,DoS-SYN_Flood,0,100,262586,262576,10,0.000038,1
DoS-SYN_Flood1.pcap,DoS-SYN_Flood,0,10,2640253,2637380,2873,0.001088,1
DoS-SYN_Flood1.pcap,DoS-SYN_Flood,0,100,264026,263954,72,0.000273,1
DoS-TCP_Flood.pcap,DoS-TCP_Flood,0,10,2600275,2597426,2849,0.001096,1
DoS-TCP_Flood.pcap,DoS-TCP_Flood,0,100,260028,259976,52,0.000200,1
DoS-UDP_Flood.pcap,DoS-UDP_Flood,0,10,1667378,1664550,2828,0.001696,1
DoS-UDP_Flood.pcap,DoS-UDP_Flood,0,100,166738,166653,85,0.000510,1
MITM-ArpSpoofing.pcap,MITM-ArpSpoofing,0,10,247646,31228,216418,0.873901,1
MITM-ArpSpoofing.pcap,MITM-ArpSpoofing,0,100,24765,8194,16571,0.669130,1
Mirai-greeth_flood.pcap,Mirai-greeth_flood,0,10,335007,329157,5850,0.017462,1
Mirai-greeth_flood.pcap,Mirai-greeth_flood,0,100,33501,33008,493,0.014716,1
Mirai-greip_flood21.pcap,Mirai-greip_flood,0,10,119545,119531,14,0.000117,1
Mirai-greip_flood21.pcap,Mirai-greip_flood,0,100,11955,11955,0,0.000000,1
Mirai-udpplain.pcap,Mirai-udpplain,0,10,363888,362081,1807,0.004966,1
Mirai-udpplain.pcap,Mirai-udpplain,0,100,36389,36373,16,0.000440,1
Recon-HostDiscovery.pcap,Recon-HostDiscovery,0,10,134369,90530,43839,0.326258,1
Recon-HostDiscovery.pcap,Recon-HostDiscovery,0,100,13437,12996,441,0.032820,1
Recon-OSScan.pcap,Recon-OSScan,0,10,98243,29750,68493,0.697179,0
Recon-OSScan.pcap,Recon-OSScan,0,100,9825,4087,5738,0.584020,1
Recon-PingSweep.pcap,Recon-PingSweep,0,10,2262,540,1722,0.761273,1
Recon-PingSweep.pcap,Recon-PingSweep,0,100,227,114,113,0.497797,1
Recon-PortScan.pcap,Recon-PortScan,0,10,82278,30872,51406,0.624784,1
Recon-PortScan.pcap,Recon-PortScan,0,100,8228,3783,4445,0.540228,1
SqlInjection.pcap,SqlInjection,0,10,5245,1035,4210,0.802669,1
SqlInjection.pcap,SqlInjection,0,100,525,325,200,0.380952,1
Uploading_Attack.pcap,Uploading_Attack,0,10,1252,357,895,0.714856,1
Uploading_Attack.pcap,Uploading_Attack,0,100,126,106,20,0.158730,1
VulnerabilityScan.pcap,VulnerabilityScan,0,10,373312,88114,285198,0.763967,1
VulnerabilityScan.pcap,VulnerabilityScan,0,100,37332,18836,18496,0.495446,1
XSS.pcap,XSS,0,10,3845,976,2869,0.746164,1
XSS.pcap,XSS,0,100,385,313,72,0.187013,1
