arquivo,rotulo,mac,na_lista,origem,destino,fracao_origem,fracao_destino
Backdoor_Malware.pcap,Backdoor_Malware,dc:a6:32:c9:e4:90,1,0,0,0.000000,0.000000
Backdoor_Malware.pcap,Backdoor_Malware,dc:a6:32:c9:e4:ab,1,0,0,0.000000,0.000000
Backdoor_Malware.pcap,Backdoor_Malware,dc:a6:32:c9:e4:d5,1,0,0,0.000000,0.000000
Backdoor_Malware.pcap,Backdoor_Malware,dc:a6:32:c9:e5:a4,1,454,395,0.013587,0.011821
Backdoor_Malware.pcap,Backdoor_Malware,dc:a6:32:c9:e5:ef,1,0,0,0.000000,0.000000
Backdoor_Malware.pcap,Backdoor_Malware,dc:a6:32:dc:27:d5,1,1232,930,0.036871,0.027833
Backdoor_Malware.pcap,Backdoor_Malware,e4:5f:01:55:90:c4,1,0,0,0.000000,0.000000
Backdoor_Malware.pcap,Backdoor_Malware,3c:18:a0:41:c3:a0,0,11325,12984,0.338930,0.388580
Backdoor_Malware.pcap,Backdoor_Malware,ff:ff:ff:ff:ff:ff,0,0,4083,0.000000,0.122194
Backdoor_Malware.pcap,Backdoor_Malware,2c:71:ff:05:f1:15,0,1594,2180,0.047705,0.065242
Backdoor_Malware.pcap,Backdoor_Malware,70:ee:50:68:0e:32,0,1550,1409,0.046388,0.042168
Backdoor_Malware.pcap,Backdoor_Malware,cc:f4:11:9c:d0:00,0,1253,1045,0.037499,0.031274
Backdoor_Malware.pcap,Backdoor_Malware,7c:78:b2:86:0d:81,0,1323,868,0.039594,0.025977
Backdoor_Malware.pcap,Backdoor_Malware,44:bb:3b:00:39:07,0,853,853,0.025528,0.025528
Backdoor_Malware.pcap,Backdoor_Malware,6c:5a:b0:44:1d:90,0,770,700,0.023044,0.020949
Backdoor_Malware.pcap,Backdoor_Malware,c0:e7:bf:0a:79:d1,0,848,328,0.025379,0.009816
Backdoor_Malware.pcap,Backdoor_Malware,34:75:63:73:f3:36,0,662,489,0.019812,0.014635
BenignTraffic.pcap,BenignTraffic,dc:a6:32:c9:e4:90,1,28,7,0.000008,0.000002
BenignTraffic.pcap,BenignTraffic,dc:a6:32:c9:e4:ab,1,19,4,0.000005,0.000001
BenignTraffic.pcap,BenignTraffic,dc:a6:32:c9:e4:d5,1,28,7,0.000008,0.000002
BenignTraffic.pcap,BenignTraffic,dc:a6:32:c9:e5:a4,1,25,11,0.000007,0.000003
BenignTraffic.pcap,BenignTraffic,dc:a6:32:c9:e5:ef,1,28,10,0.000008,0.000003
BenignTraffic.pcap,BenignTraffic,dc:a6:32:dc:27:d5,1,18563,17374,0.005066,0.004742
BenignTraffic.pcap,BenignTraffic,e4:5f:01:55:90:c4,1,19,8,0.000005,0.000002
BenignTraffic.pcap,BenignTraffic,3c:18:a0:41:c3:a0,0,1500837,1656703,0.409599,0.452137
BenignTraffic.pcap,BenignTraffic,40:5d:82:35:14:c8,0,666068,596604,0.181779,0.162821
BenignTraffic.pcap,BenignTraffic,ac:17:02:05:34:27,0,215849,212597,0.058908,0.058021
BenignTraffic.pcap,BenignTraffic,44:bb:3b:00:39:07,0,194661,188861,0.053126,0.051543
BenignTraffic.pcap,BenignTraffic,2c:71:ff:05:f1:15,0,135130,117714,0.036879,0.032126
BenignTraffic.pcap,BenignTraffic,a0:d0:dc:c4:08:ff,0,103548,111420,0.028260,0.030408
BenignTraffic.pcap,BenignTraffic,24:05:88:30:6f:89,0,112295,97744,0.030647,0.026676
BenignTraffic.pcap,BenignTraffic,ff:ff:ff:ff:ff:ff,0,0,180665,0.000000,0.049306
BenignTraffic.pcap,BenignTraffic,56:4f:8a:e1:f3:2d,0,48696,56134,0.013290,0.015320
BenignTraffic.pcap,BenignTraffic,cc:f4:11:9c:d0:00,0,38591,40459,0.010532,0.011042
BenignTraffic1.pcap,BenignTraffic,dc:a6:32:c9:e4:90,1,21,9,0.000007,0.000003
BenignTraffic1.pcap,BenignTraffic,dc:a6:32:c9:e4:ab,1,19,9,0.000006,0.000003
BenignTraffic1.pcap,BenignTraffic,dc:a6:32:c9:e4:d5,1,25,8,0.000008,0.000003
BenignTraffic1.pcap,BenignTraffic,dc:a6:32:c9:e5:a4,1,22,4,0.000007,0.000001
BenignTraffic1.pcap,BenignTraffic,dc:a6:32:c9:e5:ef,1,21,6,0.000007,0.000002
BenignTraffic1.pcap,BenignTraffic,dc:a6:32:dc:27:d5,1,14784,14605,0.004947,0.004887
BenignTraffic1.pcap,BenignTraffic,e4:5f:01:55:90:c4,1,18,6,0.000006,0.000002
BenignTraffic1.pcap,BenignTraffic,3c:18:a0:41:c3:a0,0,1250693,1379004,0.418482,0.461415
BenignTraffic1.pcap,BenignTraffic,40:5d:82:35:14:c8,0,758605,696620,0.253829,0.233089
BenignTraffic1.pcap,BenignTraffic,44:bb:3b:00:39:07,0,193588,191117,0.064775,0.063948
BenignTraffic1.pcap,BenignTraffic,24:05:88:30:6f:89,0,97312,103220,0.032561,0.034537
BenignTraffic1.pcap,BenignTraffic,2c:71:ff:05:f1:15,0,78283,67745,0.026194,0.022667
BenignTraffic1.pcap,BenignTraffic,ff:ff:ff:ff:ff:ff,0,0,144662,0.000000,0.048404
BenignTraffic1.pcap,BenignTraffic,a0:d0:dc:c4:08:ff,0,58941,65702,0.019722,0.021984
BenignTraffic1.pcap,BenignTraffic,ac:f1:08:4e:00:82,0,39297,16129,0.013149,0.005397
BenignTraffic1.pcap,BenignTraffic,08:7c:39:ce:6e:2a,0,25980,20288,0.008693,0.006788
BenignTraffic1.pcap,BenignTraffic,cc:f4:11:9c:d0:00,0,23793,19341,0.007961,0.006472
BenignTraffic2.pcap,BenignTraffic,dc:a6:32:c9:e4:90,1,25,5,0.000008,0.000002
BenignTraffic2.pcap,BenignTraffic,dc:a6:32:c9:e4:ab,1,19,7,0.000006,0.000002
BenignTraffic2.pcap,BenignTraffic,dc:a6:32:c9:e4:d5,1,26,8,0.000008,0.000003
BenignTraffic2.pcap,BenignTraffic,dc:a6:32:c9:e5:a4,1,17,4,0.000005,0.000001
BenignTraffic2.pcap,BenignTraffic,dc:a6:32:c9:e5:ef,1,25,5,0.000008,0.000002
BenignTraffic2.pcap,BenignTraffic,dc:a6:32:dc:27:d5,1,16646,15018,0.005305,0.004786
BenignTraffic2.pcap,BenignTraffic,e4:5f:01:55:90:c4,1,18,7,0.000006,0.000002
BenignTraffic2.pcap,BenignTraffic,3c:18:a0:41:c3:a0,0,1275663,1414366,0.406521,0.450722
BenignTraffic2.pcap,BenignTraffic,40:5d:82:35:14:c8,0,847517,776154,0.270082,0.247340
BenignTraffic2.pcap,BenignTraffic,44:bb:3b:00:39:07,0,212916,210103,0.067851,0.066954
BenignTraffic2.pcap,BenignTraffic,a0:d0:dc:c4:08:ff,0,92576,100193,0.029502,0.031929
BenignTraffic2.pcap,BenignTraffic,2c:71:ff:05:f1:15,0,87508,77152,0.027887,0.024586
BenignTraffic2.pcap,BenignTraffic,ff:ff:ff:ff:ff:ff,0,0,160110,0.000000,0.051023
BenignTraffic2.pcap,BenignTraffic,08:7c:39:ce:6e:2a,0,36300,29702,0.011568,0.009465
BenignTraffic2.pcap,BenignTraffic,b0:f1:ec:d3:e7:98,0,27846,19994,0.008874,0.006372
BenignTraffic2.pcap,BenignTraffic,ac:f1:08:4e:00:82,0,33081,11512,0.010542,0.003669
BenignTraffic2.pcap,BenignTraffic,1c:fe:2b:98:16:dd,0,22972,19225,0.007321,0.006127
BrowserHijacking.pcap,BrowserHijacking,dc:a6:32:c9:e4:90,1,0,0,0.000000,0.000000
BrowserHijacking.pcap,BrowserHijacking,dc:a6:32:c9:e4:ab,1,0,0,0.000000,0.000000
BrowserHijacking.pcap,BrowserHijacking,dc:a6:32:c9:e4:d5,1,1,0,0.000017,0.000000
BrowserHijacking.pcap,BrowserHijacking,dc:a6:32:c9:e5:a4,1,0,0,0.000000,0.000000
BrowserHijacking.pcap,BrowserHijacking,dc:a6:32:c9:e5:ef,1,1,0,0.000017,0.000000
BrowserHijacking.pcap,BrowserHijacking,dc:a6:32:dc:27:d5,1,8293,4633,0.138630,0.077448
BrowserHijacking.pcap,BrowserHijacking,e4:5f:01:55:90:c4,1,0,0,0.000000,0.000000
BrowserHijacking.pcap,BrowserHijacking,3c:18:a0:41:c3:a0,0,18800,20909,0.314271,0.349526
BrowserHijacking.pcap,BrowserHijacking,dc:a6:32:c9:e5:02,0,2712,5400,0.045335,0.090269
BrowserHijacking.pcap,BrowserHijacking,dc:a6:32:c9:e4:c6,0,2639,4728,0.044115,0.079036
BrowserHijacking.pcap,BrowserHijacking,2c:71:ff:05:f1:15,0,3077,2816,0.051437,0.047074
BrowserHijacking.pcap,BrowserHijacking,b0:09:da:3e:82:6c,0,2985,1907,0.049899,0.031878
BrowserHijacking.pcap,BrowserHijacking,ff:ff:ff:ff:ff:ff,0,0,4856,0.000000,0.081176
BrowserHijacking.pcap,BrowserHijacking,28:6d:97:7a:2b:2d,0,1553,1073,0.025961,0.017937
BrowserHijacking.pcap,BrowserHijacking,dc:a6:32:c9:e6:f4,0,1126,1317,0.018823,0.022016
BrowserHijacking.pcap,BrowserHijacking,7c:78:b2:86:0d:81,0,1372,868,0.022935,0.014510
BrowserHijacking.pcap,BrowserHijacking,44:bb:3b:00:39:07,0,1084,1085,0.018121,0.018137
CommandInjection.pcap,CommandInjection,dc:a6:32:c9:e4:90,1,2,1,0.000036,0.000018
CommandInjection.pcap,CommandInjection,dc:a6:32:c9:e4:ab,1,4,0,0.000072,0.000000
CommandInjection.pcap,CommandInjection,dc:a6:32:c9:e4:d5,1,1,0,0.000018,0.000000
CommandInjection.pcap,CommandInjection,dc:a6:32:c9:e5:a4,1,574,521,0.010298,0.009347
CommandInjection.pcap,CommandInjection,dc:a6:32:c9:e5:ef,1,0,0,0.000000,0.000000
CommandInjection.pcap,CommandInjection,dc:a6:32:dc:27:d5,1,1247,993,0.022371,0.017815
CommandInjection.pcap,CommandInjection,e4:5f:01:55:90:c4,1,0,1,0.000000,0.000018
CommandInjection.pcap,CommandInjection,3c:18:a0:41:c3:a0,0,24964,19607,0.447857,0.351752
CommandInjection.pcap,CommandInjection,dc:a6:32:c9:e6:f4,0,2457,9883,0.044079,0.177302
CommandInjection.pcap,CommandInjection,ff:ff:ff:ff:ff:ff,0,0,5190,0.000000,0.093109
CommandInjection.pcap,CommandInjection,70:ee:50:68:0e:32,0,2433,2092,0.043648,0.037531
CommandInjection.pcap,CommandInjection,56:4f:8a:e1:f3:2d,0,1081,2014,0.019393,0.036131
CommandInjection.pcap,CommandInjection,7c:78:b2:86:0d:81,0,1718,1161,0.030821,0.020828
CommandInjection.pcap,CommandInjection,cc:f4:11:9c:d0:00,0,1264,1115,0.022676,0.020003
CommandInjection.pcap,CommandInjection,44:bb:3b:00:39:07,0,1124,1124,0.020165,0.020165
CommandInjection.pcap,CommandInjection,6c:5a:b0:44:1d:90,0,1042,920,0.018694,0.016505
CommandInjection.pcap,CommandInjection,08:7c:39:ce:6e:2a,0,733,714,0.013150,0.012809
DDoS-ACK_Fragmentation.pcap,DDoS-ACK_Fragmentation,dc:a6:32:c9:e4:90,1,360659,31348,0.144043,0.012520
DDoS-ACK_Fragmentation.pcap,DDoS-ACK_Fragmentation,dc:a6:32:c9:e4:ab,1,555586,56391,0.221894,0.022522
DDoS-ACK_Fragmentation.pcap,DDoS-ACK_Fragmentation,dc:a6:32:c9:e4:d5,1,129808,14235,0.051844,0.005685
DDoS-ACK_Fragmentation.pcap,DDoS-ACK_Fragmentation,dc:a6:32:c9:e5:a4,1,86639,12595,0.034603,0.005030
DDoS-ACK_Fragmentation.pcap,DDoS-ACK_Fragmentation,dc:a6:32:c9:e5:ef,1,268720,27981,0.107323,0.011175
DDoS-ACK_Fragmentation.pcap,DDoS-ACK_Fragmentation,dc:a6:32:dc:27:d5,1,486229,114608,0.194194,0.045773
DDoS-ACK_Fragmentation.pcap,DDoS-ACK_Fragmentation,e4:5f:01:55:90:c4,1,196733,26868,0.078573,0.010731
DDoS-ACK_Fragmentation.pcap,DDoS-ACK_Fragmentation,b0:c5:54:59:2e:99,0,8278,878305,0.003306,0.350784
DDoS-ACK_Fragmentation.pcap,DDoS-ACK_Fragmentation,8c:85:80:6c:b6:47,0,268504,544412,0.107237,0.217431
DDoS-ACK_Fragmentation.pcap,DDoS-ACK_Fragmentation,9c:8e:cd:1d:ab:9f,0,12678,564673,0.005063,0.225523
DDoS-ACK_Fragmentation.pcap,DDoS-ACK_Fragmentation,50:02:91:b1:68:0c,0,419,96547,0.000167,0.038560
DDoS-ACK_Fragmentation.pcap,DDoS-ACK_Fragmentation,3c:18:a0:41:c3:a0,0,43390,39093,0.017329,0.015613
DDoS-ACK_Fragmentation.pcap,DDoS-ACK_Fragmentation,a0:d0:dc:c4:08:ff,0,15045,13564,0.006009,0.005417
DDoS-ACK_Fragmentation.pcap,DDoS-ACK_Fragmentation,ff:ff:ff:ff:ff:ff,0,0,23236,0.000000,0.009280
DDoS-ACK_Fragmentation.pcap,DDoS-ACK_Fragmentation,2c:71:ff:05:f1:15,0,8797,8685,0.003513,0.003469
DDoS-ACK_Fragmentation.pcap,DDoS-ACK_Fragmentation,1c:fe:2b:98:16:dd,0,7434,7099,0.002969,0.002835
DDoS-ACK_Fragmentation.pcap,DDoS-ACK_Fragmentation,40:5d:82:35:14:c8,0,7020,6290,0.002804,0.002512
DDoS-HTTP_Flood-.pcap,DDoS-HTTP_Flood,dc:a6:32:c9:e4:90,1,100548,278364,0.034900,0.096620
DDoS-HTTP_Flood-.pcap,DDoS-HTTP_Flood,dc:a6:32:c9:e4:ab,1,98606,257081,0.034226,0.089233
DDoS-HTTP_Flood-.pcap,DDoS-HTTP_Flood,dc:a6:32:c9:e4:d5,1,86208,222628,0.029923,0.077274
DDoS-HTTP_Flood-.pcap,DDoS-HTTP_Flood,dc:a6:32:c9:e5:a4,1,40788,296704,0.014158,0.102986
DDoS-HTTP_Flood-.pcap,DDoS-HTTP_Flood,dc:a6:32:c9:e5:ef,1,69696,221210,0.024192,0.076782
DDoS-HTTP_Flood-.pcap,DDoS-HTTP_Flood,dc:a6:32:dc:27:d5,1,197686,394220,0.068617,0.136834
DDoS-HTTP_Flood-.pcap,DDoS-HTTP_Flood,e4:5f:01:55:90:c4,1,113287,261000,0.039322,0.090593
DDoS-HTTP_Flood-.pcap,DDoS-HTTP_Flood,9c:8e:cd:1d:ab:9f,0,212128,475270,0.073630,0.164967
DDoS-HTTP_Flood-.pcap,DDoS-HTTP_Flood,b0:c5:54:59:2e:99,0,179829,231054,0.062419,0.080199
DDoS-HTTP_Flood-.pcap,DDoS-HTTP_Flood,b0:f1:ec:d3:e7:98,0,341724,0,0.118613,0.000000
DDoS-HTTP_Flood-.pcap,DDoS-HTTP_Flood,dc:a6:32:c9:e5:02,0,291356,9,0.101130,0.000003
DDoS-HTTP_Flood-.pcap,DDoS-HTTP_Flood,dc:a6:32:c9:e4:c6,0,280682,3,0.097425,0.000001
DDoS-HTTP_Flood-.pcap,DDoS-HTTP_Flood,dc:a6:32:c9:e6:f4,0,271981,4,0.094405,0.000001
DDoS-HTTP_Flood-.pcap,DDoS-HTTP_Flood,00:17:88:60:d6:4f,0,182694,355,0.063413,0.000123
DDoS-HTTP_Flood-.pcap,DDoS-HTTP_Flood,3c:18:a0:41:c3:a0,0,30020,138960,0.010420,0.048233
DDoS-HTTP_Flood-.pcap,DDoS-HTTP_Flood,70:ee:50:68:0e:32,0,158178,202,0.054904,0.000070
DDoS-HTTP_Flood-.pcap,DDoS-HTTP_Flood,44:01:bb:ec:10:4a,0,35076,278,0.012175,0.000096
DDoS-ICMP_Flood.pcap,DDoS-ICMP_Flood,dc:a6:32:c9:e4:90,1,1746833,426,0.065197,0.000016
DDoS-ICMP_Flood.pcap,DDoS-ICMP_Flood,dc:a6:32:c9:e4:ab,1,3052697,404,0.113935,0.000015
DDoS-ICMP_Flood.pcap,DDoS-ICMP_Flood,dc:a6:32:c9:e4:d5,1,4191590,513,0.156442,0.000019
DDoS-ICMP_Flood.pcap,DDoS-ICMP_Flood,dc:a6:32:c9:e5:a4,1,4495002,1381,0.167766,0.000052
DDoS-ICMP_Flood.pcap,DDoS-ICMP_Flood,dc:a6:32:c9:e5:ef,1,4196879,705,0.156639,0.000026
DDoS-ICMP_Flood.pcap,DDoS-ICMP_Flood,dc:a6:32:dc:27:d5,1,4753338,1244,0.177408,0.000046
DDoS-ICMP_Flood.pcap,DDoS-ICMP_Flood,e4:5f:01:55:90:c4,1,4244031,1115,0.158399,0.000042
DDoS-ICMP_Flood.pcap,DDoS-ICMP_Flood,1c:fe:2b:98:16:dd,0,2280,15787965,0.000085,0.589252
DDoS-ICMP_Flood.pcap,DDoS-ICMP_Flood,1c:12:b0:9b:0c:ec,0,9004,10893507,0.000336,0.406577
DDoS-ICMP_Flood.pcap,DDoS-ICMP_Flood,3c:18:a0:41:c3:a0,0,43094,36447,0.001608,0.001360
DDoS-ICMP_Flood.pcap,DDoS-ICMP_Flood,ac:17:02:05:34:27,0,11326,11248,0.000423,0.000420
DDoS-ICMP_Flood.pcap,DDoS-ICMP_Flood,ff:ff:ff:ff:ff:ff,0,0,22299,0.000000,0.000832
DDoS-ICMP_Flood.pcap,DDoS-ICMP_Flood,a0:d0:dc:c4:08:ff,0,4394,1993,0.000164,0.000074
DDoS-ICMP_Flood.pcap,DDoS-ICMP_Flood,b0:f1:ec:d3:e7:98,0,3644,2363,0.000136,0.000088
DDoS-ICMP_Flood.pcap,DDoS-ICMP_Flood,2c:71:ff:05:f1:15,0,2629,2374,0.000098,0.000089
DDoS-ICMP_Flood.pcap,DDoS-ICMP_Flood,44:bb:3b:00:39:07,0,2254,1870,0.000084,0.000070
DDoS-ICMP_Flood.pcap,DDoS-ICMP_Flood,ee:06:3b:b8:d1:df,0,1732,1936,0.000065,0.000072
DDoS-ICMP_Fragmentation.pcap,DDoS-ICMP_Fragmentation,dc:a6:32:c9:e4:90,1,129208,838,0.062580,0.000406
DDoS-ICMP_Fragmentation.pcap,DDoS-ICMP_Fragmentation,dc:a6:32:c9:e4:ab,1,347052,2143,0.168089,0.001038
DDoS-ICMP_Fragmentation.pcap,DDoS-ICMP_Fragmentation,dc:a6:32:c9:e4:d5,1,254412,1560,0.123220,0.000756
DDoS-ICMP_Fragmentation.pcap,DDoS-ICMP_Fragmentation,dc:a6:32:c9:e5:a4,1,394462,1655,0.191051,0.000802
DDoS-ICMP_Fragmentation.pcap,DDoS-ICMP_Fragmentation,dc:a6:32:c9:e5:ef,1,229161,1244,0.110990,0.000603
DDoS-ICMP_Fragmentation.pcap,DDoS-ICMP_Fragmentation,dc:a6:32:dc:27:d5,1,208844,1617,0.101150,0.000783
DDoS-ICMP_Fragmentation.pcap,DDoS-ICMP_Fragmentation,e4:5f:01:55:90:c4,1,357008,1972,0.172911,0.000955
DDoS-ICMP_Fragmentation.pcap,DDoS-ICMP_Fragmentation,1c:fe:2b:98:16:dd,0,3629,790754,0.001758,0.382989
DDoS-ICMP_Fragmentation.pcap,DDoS-ICMP_Fragmentation,cc:f4:11:9c:d0:00,0,13322,582768,0.006452,0.282254
DDoS-ICMP_Fragmentation.pcap,DDoS-ICMP_Fragmentation,1c:12:b0:9b:0c:ec,0,3439,550389,0.001666,0.266572
DDoS-ICMP_Fragmentation.pcap,DDoS-ICMP_Fragmentation,3c:18:a0:41:c3:a0,0,49297,46717,0.023876,0.022627
DDoS-ICMP_Fragmentation.pcap,DDoS-ICMP_Fragmentation,ff:ff:ff:ff:ff:ff,0,0,28148,0.000000,0.013633
DDoS-ICMP_Fragmentation.pcap,DDoS-ICMP_Fragmentation,ac:17:02:05:34:27,0,5706,4916,0.002764,0.002381
DDoS-ICMP_Fragmentation.pcap,DDoS-ICMP_Fragmentation,a0:d0:dc:c4:08:ff,0,5619,2828,0.002721,0.001370
DDoS-ICMP_Fragmentation.pcap,DDoS-ICMP_Fragmentation,2c:71:ff:05:f1:15,0,4191,3785,0.002030,0.001833
DDoS-ICMP_Fragmentation.pcap,DDoS-ICMP_Fragmentation,56:4f:8a:e1:f3:2d,0,3427,3036,0.001660,0.001470
DDoS-ICMP_Fragmentation.pcap,DDoS-ICMP_Fragmentation,9c:8e:cd:1d:ab:9f,0,3181,2234,0.001541,0.001082
DDoS-PSHACK_Flood.pcap,DDoS-PSHACK_Flood,dc:a6:32:c9:e4:90,1,3901568,48093,0.145720,0.001796
DDoS-PSHACK_Flood.pcap,DDoS-PSHACK_Flood,dc:a6:32:c9:e4:ab,1,4637726,48121,0.173215,0.001797
DDoS-PSHACK_Flood.pcap,DDoS-PSHACK_Flood,dc:a6:32:c9:e4:d5,1,3250113,44535,0.121389,0.001663
DDoS-PSHACK_Flood.pcap,DDoS-PSHACK_Flood,dc:a6:32:c9:e5:a4,1,5235887,77625,0.195556,0.002899
DDoS-PSHACK_Flood.pcap,DDoS-PSHACK_Flood,dc:a6:32:c9:e5:ef,1,3094518,43709,0.115578,0.001632
DDoS-PSHACK_Flood.pcap,DDoS-PSHACK_Flood,dc:a6:32:dc:27:d5,1,3428643,52806,0.128057,0.001972
DDoS-PSHACK_Flood.pcap,DDoS-PSHACK_Flood,e4:5f:01:55:90:c4,1,2783256,31159,0.103952,0.001164
DDoS-PSHACK_Flood.pcap,DDoS-PSHACK_Flood,1c:fe:2b:98:16:dd,0,187054,12994828,0.006986,0.485346
DDoS-PSHACK_Flood.pcap,DDoS-PSHACK_Flood,1c:12:b0:9b:0c:ec,0,164314,11382204,0.006137,0.425116
DDoS-PSHACK_Flood.pcap,DDoS-PSHACK_Flood,9c:8e:cd:1d:ab:9f,0,5119,1960013,0.000191,0.073205
DDoS-PSHACK_Flood.pcap,DDoS-PSHACK_Flood,3c:18:a0:41:c3:a0,0,37376,31822,0.001396,0.001189
DDoS-PSHACK_Flood.pcap,DDoS-PSHACK_Flood,ff:ff:ff:ff:ff:ff,0,0,20360,0.000000,0.000760
DDoS-PSHACK_Flood.pcap,DDoS-PSHACK_Flood,56:4f:8a:e1:f3:2d,0,3750,4275,0.000140,0.000160
DDoS-PSHACK_Flood.pcap,DDoS-PSHACK_Flood,a0:d0:dc:c4:08:ff,0,4660,2432,0.000174,0.000091
DDoS-PSHACK_Flood.pcap,DDoS-PSHACK_Flood,2c:71:ff:05:f1:15,0,3777,3153,0.000141,0.000118
DDoS-PSHACK_Flood.pcap,DDoS-PSHACK_Flood,b0:f1:ec:d3:e7:98,0,3018,1561,0.000113,0.000058
DDoS-PSHACK_Flood.pcap,DDoS-PSHACK_Flood,08:7c:39:ce:6e:2a,0,2306,2202,0.000086,0.000082
DDoS-RSTFINFlood.pcap,DDoS-RSTFINFlood,dc:a6:32:c9:e4:90,1,3389510,27,0.127012,0.000001
DDoS-RSTFINFlood.pcap,DDoS-RSTFINFlood,dc:a6:32:c9:e4:ab,1,3071697,68,0.115103,0.000003
DDoS-RSTFINFlood.pcap,DDoS-RSTFINFlood,dc:a6:32:c9:e4:d5,1,3931508,34,0.147322,0.000001
DDoS-RSTFINFlood.pcap,DDoS-RSTFINFlood,dc:a6:32:c9:e5:a4,1,4356533,30,0.163249,0.000001
DDoS-RSTFINFlood.pcap,DDoS-RSTFINFlood,dc:a6:32:c9:e5:ef,1,3170788,29,0.118816,0.000001
DDoS-RSTFINFlood.pcap,DDoS-RSTFINFlood,dc:a6:32:dc:27:d5,1,4745664,29,0.177830,0.000001
DDoS-RSTFINFlood.pcap,DDoS-RSTFINFlood,e4:5f:01:55:90:c4,1,3919801,36,0.146883,0.000001
DDoS-RSTFINFlood.pcap,DDoS-RSTFINFlood,1c:fe:2b:98:16:dd,0,2363,12575492,0.000089,0.471231
DDoS-RSTFINFlood.pcap,DDoS-RSTFINFlood,28:6d:97:9e:f4:d5,0,1056,11989659,0.000040,0.449279
DDoS-RSTFINFlood.pcap,DDoS-RSTFINFlood,2c:71:ff:05:f1:15,0,1660,2023560,0.000062,0.075827
DDoS-RSTFINFlood.pcap,DDoS-RSTFINFlood,3c:18:a0:41:c3:a0,0,40357,33715,0.001512,0.001263
DDoS-RSTFINFlood.pcap,DDoS-RSTFINFlood,ff:ff:ff:ff:ff:ff,0,0,17824,0.000000,0.000668
DDoS-RSTFINFlood.pcap,DDoS-RSTFINFlood,40:5d:82:35:14:c8,0,4126,4620,0.000155,0.000173
DDoS-RSTFINFlood.pcap,DDoS-RSTFINFlood,1c:12:b0:9b:0c:ec,0,3096,3798,0.000116,0.000142
DDoS-RSTFINFlood.pcap,DDoS-RSTFINFlood,a0:d0:dc:c4:08:ff,0,4040,2004,0.000151,0.000075
DDoS-RSTFINFlood.pcap,DDoS-RSTFINFlood,56:4f:8a:e1:f3:2d,0,2575,2728,0.000096,0.000102
DDoS-RSTFINFlood.pcap,DDoS-RSTFINFlood,ac:f1:08:4e:00:82,0,3687,1455,0.000138,0.000055
DDoS-SYN_Flood.pcap,DDoS-SYN_Flood,dc:a6:32:c9:e4:90,1,4163427,64320,0.156537,0.002418
DDoS-SYN_Flood.pcap,DDoS-SYN_Flood,dc:a6:32:c9:e4:ab,1,7079462,87516,0.266175,0.003290
DDoS-SYN_Flood.pcap,DDoS-SYN_Flood,dc:a6:32:c9:e4:d5,1,2963457,55251,0.111421,0.002077
DDoS-SYN_Flood.pcap,DDoS-SYN_Flood,dc:a6:32:c9:e5:a4,1,2936,293,0.000110,0.000011
DDoS-SYN_Flood.pcap,DDoS-SYN_Flood,dc:a6:32:c9:e5:ef,1,3659456,56798,0.137589,0.002136
DDoS-SYN_Flood.pcap,DDoS-SYN_Flood,dc:a6:32:dc:27:d5,1,4307275,70868,0.161946,0.002665
DDoS-SYN_Flood.pcap,DDoS-SYN_Flood,e4:5f:01:55:90:c4,1,3827597,60845,0.143911,0.002288
DDoS-SYN_Flood.pcap,DDoS-SYN_Flood,1c:12:b0:9b:0c:ec,0,170629,8786693,0.006415,0.330364
DDoS-SYN_Flood.pcap,DDoS-SYN_Flood,1c:fe:2b:98:16:dd,0,223059,7655917,0.008387,0.287849
DDoS-SYN_Flood.pcap,DDoS-SYN_Flood,cc:f4:11:9c:d0:00,0,5618,6701211,0.000211,0.251954
DDoS-SYN_Flood.pcap,DDoS-SYN_Flood,9c:8e:cd:1d:ab:9f,0,14686,2870769,0.000552,0.107936
DDoS-SYN_Flood.pcap,DDoS-SYN_Flood,3c:18:a0:41:c3:a0,0,81589,75973,0.003068,0.002856
DDoS-SYN_Flood.pcap,DDoS-SYN_Flood,ac:17:02:05:34:27,0,20120,19801,0.000756,0.000744
DDoS-SYN_Flood.pcap,DDoS-SYN_Flood,ff:ff:ff:ff:ff:ff,0,0,27895,0.000000,0.001049
DDoS-SYN_Flood.pcap,DDoS-SYN_Flood,a0:d0:dc:c4:08:ff,0,6847,4350,0.000257,0.000164
DDoS-SYN_Flood.pcap,DDoS-SYN_Flood,7c:78:b2:86:0d:81,0,4660,4012,0.000175,0.000151
DDoS-SYN_Flood.pcap,DDoS-SYN_Flood,ee:06:3b:b8:d1:df,0,4158,3831,0.000156,0.000144
DDoS-SYN_Flood1.pcap,DDoS-SYN_Flood,dc:a6:32:c9:e4:90,1,3859876,33601,0.144482,0.001258
DDoS-SYN_Flood1.pcap,DDoS-SYN_Flood,dc:a6:32:c9:e4:ab,1,4245261,44203,0.158907,0.001655
DDoS-SYN_Flood1.pcap,DDoS-SYN_Flood,dc:a6:32:c9:e4:d5,1,4083109,33037,0.152838,0.001237
DDoS-SYN_Flood1.pcap,DDoS-SYN_Flood,dc:a6:32:c9:e5:a4,1,959626,26647,0.035920,0.000997
DDoS-SYN_Flood1.pcap,DDoS-SYN_Flood,dc:a6:32:c9:e5:ef,1,5030391,44973,0.188296,0.001683
DDoS-SYN_Flood1.pcap,DDoS-SYN_Flood,dc:a6:32:dc:27:d5,1,4332063,46777,0.162156,0.001751
DDoS-SYN_Flood1.pcap,DDoS-SYN_Flood,e4:5f:01:55:90:c4,1,3778983,30404,0.141454,0.001138
DDoS-SYN_Flood1.pcap,DDoS-SYN_Flood,b0:c5:54:59:2e:99,0,45827,7862321,0.001715,0.294300
DDoS-SYN_Flood1.pcap,DDoS-SYN_Flood,44:01:bb:ec:10:4a,0,68776,7295423,0.002574,0.273080
DDoS-SYN_Flood1.pcap,DDoS-SYN_Flood,9c:8e:cd:1d:ab:9f,0,19177,5777478,0.000718,0.216261
DDoS-SYN_Flood1.pcap,DDoS-SYN_Flood,34:75:63:73:f3:36,0,136965,5353004,0.005127,0.200372
DDoS-SYN_Flood1.pcap,DDoS-SYN_Flood,3c:18:a0:41:c3:a0,0,66721,62219,0.002497,0.002329
DDoS-SYN_Flood1.pcap,DDoS-SYN_Flood,ac:17:02:05:34:27,0,18653,18493,0.000698,0.000692
DDoS-SYN_Flood1.pcap,DDoS-SYN_Flood,ff:ff:ff:ff:ff:ff,0,0,30449,0.000000,0.001140
DDoS-SYN_Flood1.pcap,DDoS-SYN_Flood,ee:06:3b:b8:d1:df,0,6590,5902,0.000247,0.000221
DDoS-SYN_Flood1.pcap,DDoS-SYN_Flood,1c:12:b0:9b:0c:ec,0,3181,3290,0.000119,0.000123
DDoS-SYN_Flood1.pcap,DDoS-SYN_Flood,08:7c:39:ce:6e:2a,0,3076,3135,0.000115,0.000117
DDoS-SlowLoris.pcap,DDoS-SlowLoris,dc:a6:32:c9:e4:90,1,111426,99618,0.047386,0.042364
DDoS-SlowLoris.pcap,DDoS-SlowLoris,dc:a6:32:c9:e4:ab,1,112401,98568,0.047801,0.041918
DDoS-SlowLoris.pcap,DDoS-SlowLoris,dc:a6:32:c9:e4:d5,1,106383,93508,0.045241,0.039766
DDoS-SlowLoris.pcap,DDoS-SlowLoris,dc:a6:32:c9:e5:a4,1,107819,95191,0.045852,0.040482
DDoS-SlowLoris.pcap,DDoS-SlowLoris,dc:a6:32:c9:e5:ef,1,104752,93614,0.044548,0.039811
DDoS-SlowLoris.pcap,DDoS-SlowLoris,dc:a6:32:dc:27:d5,1,117758,103300,0.050079,0.043930
DDoS-SlowLoris.pcap,DDoS-SlowLoris,e4:5f:01:55:90:c4,1,110107,95891,0.046825,0.040779
DDoS-SlowLoris.pcap,DDoS-SlowLoris,3c:18:a0:41:c3:a0,0,376053,411558,0.159924,0.175023
DDoS-SlowLoris.pcap,DDoS-SlowLoris,40:5d:82:35:14:c8,0,183985,162541,0.078243,0.069124
DDoS-SlowLoris.pcap,DDoS-SlowLoris,b0:c5:54:59:2e:99,0,143303,144434,0.060942,0.061423
DDoS-SlowLoris.pcap,DDoS-SlowLoris,6c:5a:b0:44:1d:90,0,139306,141488,0.059242,0.060170
DDoS-SlowLoris.pcap,DDoS-SlowLoris,44:01:bb:ec:10:4a,0,53941,90285,0.022939,0.038395
DDoS-SlowLoris.pcap,DDoS-SlowLoris,44:bb:3b:00:39:07,0,68305,66702,0.029048,0.028366
DDoS-SlowLoris.pcap,DDoS-SlowLoris,00:17:88:60:d6:4f,0,69826,62558,0.029695,0.026604
DDoS-SlowLoris.pcap,DDoS-SlowLoris,b0:f1:ec:d3:e7:98,0,54718,60037,0.023270,0.025532
DDoS-SlowLoris.pcap,DDoS-SlowLoris,dc:a6:32:c9:e4:c6,0,49728,55277,0.021148,0.023508
DDoS-SlowLoris.pcap,DDoS-SlowLoris,dc:a6:32:c9:e5:02,0,48063,55676,0.020440,0.023677
DDoS-SynonymousIP_Flood.pcap,DDoS-SynonymousIP_Flood,dc:a6:32:c9:e4:90,1,5342461,26,0.198933,0.000001
DDoS-SynonymousIP_Flood.pcap,DDoS-SynonymousIP_Flood,dc:a6:32:c9:e4:ab,1,7855183,27,0.292497,0.000001
DDoS-SynonymousIP_Flood.pcap,DDoS-SynonymousIP_Flood,dc:a6:32:c9:e4:d5,1,2998632,26,0.111657,0.000001
DDoS-SynonymousIP_Flood.pcap,DDoS-SynonymousIP_Flood,dc:a6:32:c9:e5:a4,1,3052290,31,0.113655,0.000001
DDoS-SynonymousIP_Flood.pcap,DDoS-SynonymousIP_Flood,dc:a6:32:c9:e5:ef,1,3141716,29,0.116985,0.000001
DDoS-SynonymousIP_Flood.pcap,DDoS-SynonymousIP_Flood,dc:a6:32:dc:27:d5,1,1379560,423,0.051369,0.000016
DDoS-SynonymousIP_Flood.pcap,DDoS-SynonymousIP_Flood,e4:5f:01:55:90:c4,1,3024878,28,0.112635,0.000001
DDoS-SynonymousIP_Flood.pcap,DDoS-SynonymousIP_Flood,2c:71:ff:05:f1:15,0,2546,12909807,0.000095,0.480711
DDoS-SynonymousIP_Flood.pcap,DDoS-SynonymousIP_Flood,9c:8e:cd:1d:ab:9f,0,1054,12032654,0.000039,0.448050
DDoS-SynonymousIP_Flood.pcap,DDoS-SynonymousIP_Flood,8c:85:80:6c:b6:47,0,841,1853342,0.000031,0.069011
DDoS-SynonymousIP_Flood.pcap,DDoS-SynonymousIP_Flood,3c:18:a0:41:c3:a0,0,24108,19404,0.000898,0.000723
DDoS-SynonymousIP_Flood.pcap,DDoS-SynonymousIP_Flood,ff:ff:ff:ff:ff:ff,0,0,14359,0.000000,0.000535
DDoS-SynonymousIP_Flood.pcap,DDoS-SynonymousIP_Flood,56:4f:8a:e1:f3:2d,0,3353,3585,0.000125,0.000133
DDoS-SynonymousIP_Flood.pcap,DDoS-SynonymousIP_Flood,1c:12:b0:9b:0c:ec,0,1625,1567,0.000061,0.000058
DDoS-SynonymousIP_Flood.pcap,DDoS-SynonymousIP_Flood,a0:d0:dc:c4:08:ff,0,2137,783,0.000080,0.000029
DDoS-SynonymousIP_Flood.pcap,DDoS-SynonymousIP_Flood,7c:78:b2:86:0d:81,0,1495,1405,0.000056,0.000052
DDoS-SynonymousIP_Flood.pcap,DDoS-SynonymousIP_Flood,1c:fe:2b:98:16:dd,0,1541,1229,0.000057,0.000046
DDoS-TCP_Flood.pcap,DDoS-TCP_Flood,dc:a6:32:c9:e4:90,1,3330284,29,0.125335,0.000001
DDoS-TCP_Flood.pcap,DDoS-TCP_Flood,dc:a6:32:c9:e4:ab,1,3433848,31,0.129233,0.000001
DDoS-TCP_Flood.pcap,DDoS-TCP_Flood,dc:a6:32:c9:e4:d5,1,4191762,30,0.157757,0.000001
DDoS-TCP_Flood.pcap,DDoS-TCP_Flood,dc:a6:32:c9:e5:a4,1,2521572,32,0.094900,0.000001
DDoS-TCP_Flood.pcap,DDoS-TCP_Flood,dc:a6:32:c9:e5:ef,1,3678970,29,0.138458,0.000001
DDoS-TCP_Flood.pcap,DDoS-TCP_Flood,dc:a6:32:dc:27:d5,1,6170232,709,0.232217,0.000027
DDoS-TCP_Flood.pcap,DDoS-TCP_Flood,e4:5f:01:55:90:c4,1,3085641,30,0.116128,0.000001
DDoS-TCP_Flood.pcap,DDoS-TCP_Flood,1c:fe:2b:98:16:dd,0,3833,14702613,0.000144,0.553334
DDoS-TCP_Flood.pcap,DDoS-TCP_Flood,1c:12:b0:9b:0c:ec,0,2569,7428510,0.000097,0.279573
DDoS-TCP_Flood.pcap,DDoS-TCP_Flood,a0:d0:dc:c4:08:ff,0,6130,4289589,0.000231,0.161439
DDoS-TCP_Flood.pcap,DDoS-TCP_Flood,3c:18:a0:41:c3:a0,0,64476,62746,0.002427,0.002361
DDoS-TCP_Flood.pcap,DDoS-TCP_Flood,ac:17:02:05:34:27,0,15501,15382,0.000583,0.000579
DDoS-TCP_Flood.pcap,DDoS-TCP_Flood,ff:ff:ff:ff:ff:ff,0,0,20497,0.000000,0.000771
DDoS-TCP_Flood.pcap,DDoS-TCP_Flood,7c:78:b2:86:0d:81,0,6889,6126,0.000259,0.000231
DDoS-TCP_Flood.pcap,DDoS-TCP_Flood,2c:71:ff:05:f1:15,0,6289,5052,0.000237,0.000190
DDoS-TCP_Flood.pcap,DDoS-TCP_Flood,40:5d:82:35:14:c8,0,3543,3156,0.000133,0.000119
DDoS-TCP_Flood.pcap,DDoS-TCP_Flood,b0:f1:ec:d3:e7:98,0,3287,1668,0.000124,0.000063
DDoS-UDP_Flood.pcap,DDoS-UDP_Flood,dc:a6:32:c9:e4:90,1,3576741,831,0.134194,0.000031
DDoS-UDP_Flood.pcap,DDoS-UDP_Flood,dc:a6:32:c9:e4:ab,1,4077920,927,0.152997,0.000035
DDoS-UDP_Flood.pcap,DDoS-UDP_Flood,dc:a6:32:c9:e4:d5,1,3817861,741,0.143240,0.000028
DDoS-UDP_Flood.pcap,DDoS-UDP_Flood,dc:a6:32:c9:e5:a4,1,3602215,1060,0.135150,0.000040
DDoS-UDP_Flood.pcap,DDoS-UDP_Flood,dc:a6:32:c9:e5:ef,1,3408629,781,0.127886,0.000029
DDoS-UDP_Flood.pcap,DDoS-UDP_Flood,dc:a6:32:dc:27:d5,1,3920113,1640,0.147077,0.000062
DDoS-UDP_Flood.pcap,DDoS-UDP_Flood,e4:5f:01:55:90:c4,1,4099560,845,0.153809,0.000032
DDoS-UDP_Flood.pcap,DDoS-UDP_Flood,1c:fe:2b:98:16:dd,0,7075,13541168,0.000265,0.508044
DDoS-UDP_Flood.pcap,DDoS-UDP_Flood,1c:12:b0:9b:0c:ec,0,3873,9105800,0.000145,0.341636
DDoS-UDP_Flood.pcap,DDoS-UDP_Flood,a0:d0:dc:c4:08:ff,0,5926,3859789,0.000222,0.144813
DDoS-UDP_Flood.pcap,DDoS-UDP_Flood,3c:18:a0:41:c3:a0,0,59782,54313,0.002243,0.002038
DDoS-UDP_Flood.pcap,DDoS-UDP_Flood,ac:17:02:05:34:27,0,15396,15193,0.000578,0.000570
DDoS-UDP_Flood.pcap,DDoS-UDP_Flood,ff:ff:ff:ff:ff:ff,0,0,22187,0.000000,0.000832
DDoS-UDP_Flood.pcap,DDoS-UDP_Flood,ee:06:3b:b8:d1:df,0,4630,5556,0.000174,0.000208
DDoS-UDP_Flood.pcap,DDoS-UDP_Flood,ac:f1:08:4e:00:82,0,4182,2862,0.000157,0.000107
DDoS-UDP_Flood.pcap,DDoS-UDP_Flood,b0:f1:ec:d3:e7:98,0,3437,1991,0.000129,0.000075
DDoS-UDP_Flood.pcap,DDoS-UDP_Flood,40:5d:82:35:14:c8,0,2680,2333,0.000101,0.000088
DDoS-UDP_Fragmentation.pcap,DDoS-UDP_Fragmentation,dc:a6:32:c9:e4:90,1,740646,1328,0.329345,0.000591
DDoS-UDP_Fragmentation.pcap,DDoS-UDP_Fragmentation,dc:a6:32:c9:e4:ab,1,234487,1159,0.104270,0.000515
DDoS-UDP_Fragmentation.pcap,DDoS-UDP_Fragmentation,dc:a6:32:c9:e4:d5,1,547063,1339,0.243264,0.000595
DDoS-UDP_Fragmentation.pcap,DDoS-UDP_Fragmentation,dc:a6:32:c9:e5:a4,1,81964,432,0.036447,0.000192
DDoS-UDP_Fragmentation.pcap,DDoS-UDP_Fragmentation,dc:a6:32:c9:e5:ef,1,291401,1117,0.129578,0.000497
DDoS-UDP_Fragmentation.pcap,DDoS-UDP_Fragmentation,dc:a6:32:dc:27:d5,1,119249,1435,0.053027,0.000638
DDoS-UDP_Fragmentation.pcap,DDoS-UDP_Fragmentation,e4:5f:01:55:90:c4,1,108528,557,0.048259,0.000248
DDoS-UDP_Fragmentation.pcap,DDoS-UDP_Fragmentation,28:6d:97:9e:f4:d5,0,5000,797763,0.002223,0.354744
DDoS-UDP_Fragmentation.pcap,DDoS-UDP_Fragmentation,1c:fe:2b:98:16:dd,0,8605,734536,0.003826,0.326628
DDoS-UDP_Fragmentation.pcap,DDoS-UDP_Fragmentation,2c:71:ff:05:f1:15,0,4462,411284,0.001984,0.182887
DDoS-UDP_Fragmentation.pcap,DDoS-UDP_Fragmentation,9c:8e:cd:1d:ab:9f,0,3022,186934,0.001344,0.083125
DDoS-UDP_Fragmentation.pcap,DDoS-UDP_Fragmentation,3c:18:a0:41:c3:a0,0,41636,36254,0.018514,0.016121
DDoS-UDP_Fragmentation.pcap,DDoS-UDP_Fragmentation,ff:ff:ff:ff:ff:ff,0,0,25185,0.000000,0.011199
DDoS-UDP_Fragmentation.pcap,DDoS-UDP_Fragmentation,a0:d0:dc:c4:08:ff,0,7791,5551,0.003464,0.002468
DDoS-UDP_Fragmentation.pcap,DDoS-UDP_Fragmentation,40:5d:82:35:14:c8,0,5935,5583,0.002639,0.002483
DDoS-UDP_Fragmentation.pcap,DDoS-UDP_Fragmentation,ac:f1:08:4e:00:82,0,5618,1537,0.002498,0.000683
DDoS-UDP_Fragmentation.pcap,DDoS-UDP_Fragmentation,44:bb:3b:00:39:07,0,3233,3249,0.001438,0.001445
DNS_Spoofing.pcap,DNS_Spoofing,dc:a6:32:c9:e4:90,1,68,5,0.000038,0.000003
DNS_Spoofing.pcap,DNS_Spoofing,dc:a6:32:c9:e4:ab,1,57,5,0.000031,0.000003
DNS_Spoofing.pcap,DNS_Spoofing,dc:a6:32:c9:e4:d5,1,66,0,0.000036,0.000000
DNS_Spoofing.pcap,DNS_Spoofing,dc:a6:32:c9:e5:a4,1,84,2,0.000046,0.000001
DNS_Spoofing.pcap,DNS_Spoofing,dc:a6:32:c9:e5:ef,1,219,9,0.000121,0.000005
DNS_Spoofing.pcap,DNS_Spoofing,dc:a6:32:dc:27:d5,1,20958,145853,0.011563,0.080468
DNS_Spoofing.pcap,DNS_Spoofing,e4:5f:01:55:90:c4,1,178,4,0.000098,0.000002
DNS_Spoofing.pcap,DNS_Spoofing,3c:18:a0:41:c3:a0,0,683341,722708,0.377004,0.398723
DNS_Spoofing.pcap,DNS_Spoofing,56:4f:8a:e1:f3:2d,0,233940,193890,0.129066,0.106970
DNS_Spoofing.pcap,DNS_Spoofing,24:05:88:30:6f:89,0,100468,101341,0.055429,0.055911
DNS_Spoofing.pcap,DNS_Spoofing,1c:12:b0:9b:0c:ec,0,55865,53683,0.030821,0.029617
DNS_Spoofing.pcap,DNS_Spoofing,a0:d0:dc:c4:08:ff,0,51933,55478,0.028652,0.030608
DNS_Spoofing.pcap,DNS_Spoofing,84:7a:b6:64:62:58,0,70088,35820,0.038668,0.019762
DNS_Spoofing.pcap,DNS_Spoofing,7c:78:b2:86:0d:81,0,77649,26571,0.042839,0.014659
DNS_Spoofing.pcap,DNS_Spoofing,2c:d2:6b:66:d2:87,0,51662,42332,0.028502,0.023355
DNS_Spoofing.pcap,DNS_Spoofing,ff:ff:ff:ff:ff:ff,0,0,93684,0.000000,0.051686
DNS_Spoofing.pcap,DNS_Spoofing,2c:71:ff:05:f1:15,0,34143,28875,0.018837,0.015931
DictionaryBruteForce.pcap,DictionaryBruteForce,dc:a6:32:c9:e4:90,1,2,0,0.000015,0.000000
DictionaryBruteForce.pcap,DictionaryBruteForce,dc:a6:32:c9:e4:ab,1,1,0,0.000008,0.000000
DictionaryBruteForce.pcap,DictionaryBruteForce,dc:a6:32:c9:e4:d5,1,0,0,0.000000,0.000000
DictionaryBruteForce.pcap,DictionaryBruteForce,dc:a6:32:c9:e5:a4,1,0,0,0.000000,0.000000
DictionaryBruteForce.pcap,DictionaryBruteForce,dc:a6:32:c9:e5:ef,1,1,1,0.000008,0.000008
DictionaryBruteForce.pcap,DictionaryBruteForce,dc:a6:32:dc:27:d5,1,14241,15746,0.106964,0.118268
DictionaryBruteForce.pcap,DictionaryBruteForce,e4:5f:01:55:90:c4,1,1,1,0.000008,0.000008
DictionaryBruteForce.pcap,DictionaryBruteForce,3c:18:a0:41:c3:a0,0,35512,43497,0.266731,0.326706
DictionaryBruteForce.pcap,DictionaryBruteForce,dc:a6:32:c9:e4:c6,0,12167,9493,0.091386,0.071302
DictionaryBruteForce.pcap,DictionaryBruteForce,70:ee:50:68:0e:32,0,6563,4855,0.049295,0.036466
DictionaryBruteForce.pcap,DictionaryBruteForce,ff:ff:ff:ff:ff:ff,0,0,10391,0.000000,0.078047
DictionaryBruteForce.pcap,DictionaryBruteForce,44:bb:3b:00:39:07,0,4908,4876,0.036864,0.036624
DictionaryBruteForce.pcap,DictionaryBruteForce,a0:d0:dc:c4:08:ff,0,4409,4780,0.033116,0.035903
DictionaryBruteForce.pcap,DictionaryBruteForce,1c:12:b0:9b:0c:ec,0,4265,4014,0.032034,0.030149
DictionaryBruteForce.pcap,DictionaryBruteForce,40:5d:82:35:14:c8,0,2790,2523,0.020956,0.018950
DictionaryBruteForce.pcap,DictionaryBruteForce,7c:78:b2:86:0d:81,0,3027,1858,0.022736,0.013955
DictionaryBruteForce.pcap,DictionaryBruteForce,56:4f:8a:e1:f3:2d,0,2532,2037,0.019018,0.015300
DoS-HTTP_Flood1.pcap,DoS-HTTP_Flood,dc:a6:32:c9:e4:90,1,3,0,0.000001,0.000000
DoS-HTTP_Flood1.pcap,DoS-HTTP_Flood,dc:a6:32:c9:e4:ab,1,5,0,0.000002,0.000000
DoS-HTTP_Flood1.pcap,DoS-HTTP_Flood,dc:a6:32:c9:e4:d5,1,4,0,0.000001,0.000000
DoS-HTTP_Flood1.pcap,DoS-HTTP_Flood,dc:a6:32:c9:e5:a4,1,6,0,0.000002,0.000000
DoS-HTTP_Flood1.pcap,DoS-HTTP_Flood,dc:a6:32:c9:e5:ef,1,4,0,0.000001,0.000000
DoS-HTTP_Flood1.pcap,DoS-HTTP_Flood,dc:a6:32:dc:27:d5,1,1654392,1125270,0.531108,0.361244
DoS-HTTP_Flood1.pcap,DoS-HTTP_Flood,e4:5f:01:55:90:c4,1,3,0,0.000001,0.000000
DoS-HTTP_Flood1.pcap,DoS-HTTP_Flood,2c:71:ff:05:f1:15,0,587243,629457,0.188522,0.202074
DoS-HTTP_Flood1.pcap,DoS-HTTP_Flood,dc:a6:32:c9:e5:02,0,214142,401712,0.068746,0.128961
DoS-HTTP_Flood1.pcap,DoS-HTTP_Flood,b0:f1:ec:d3:e7:98,0,190634,346604,0.061199,0.111270
DoS-HTTP_Flood1.pcap,DoS-HTTP_Flood,dc:a6:32:c9:e4:c6,0,92288,161132,0.029627,0.051728
DoS-HTTP_Flood1.pcap,DoS-HTTP_Flood,3c:18:a0:41:c3:a0,0,118797,128926,0.038137,0.041389
DoS-HTTP_Flood1.pcap,DoS-HTTP_Flood,00:17:88:60:d6:4f,0,61028,102975,0.019592,0.033058
DoS-HTTP_Flood1.pcap,DoS-HTTP_Flood,ac:17:02:05:34:27,0,32436,31921,0.010413,0.010248
DoS-HTTP_Flood1.pcap,DoS-HTTP_Flood,6c:5a:b0:44:1d:90,0,13196,44241,0.004236,0.014203
DoS-HTTP_Flood1.pcap,DoS-HTTP_Flood,a0:d0:dc:c4:08:ff,0,14273,14553,0.004582,0.004672
DoS-HTTP_Flood1.pcap,DoS-HTTP_Flood,2e:2c:0e:7f:72:31,0,15339,10806,0.004924,0.003469
DoS-SYN_Flood.pcap,DoS-SYN_Flood,dc:a6:32:c9:e4:90,1,1,0,0.000000,0.000000
DoS-SYN_Flood.pcap,DoS-SYN_Flood,dc:a6:32:c9:e4:ab,1,2,0,0.000000,0.000000
DoS-SYN_Flood.pcap,DoS-SYN_Flood,dc:a6:32:c9:e4:d5,1,3,0,0.000000,0.000000
DoS-SYN_Flood.pcap,DoS-SYN_Flood,dc:a6:32:c9:e5:a4,1,2,0,0.000000,0.000000
DoS-SYN_Flood.pcap,DoS-SYN_Flood,dc:a6:32:c9:e5:ef,1,2,0,0.000000,0.000000
DoS-SYN_Flood.pcap,DoS-SYN_Flood,dc:a6:32:dc:27:d5,1,22105869,3968282,0.841756,0.151106
DoS-SYN_Flood.pcap,DoS-SYN_Flood,e4:5f:01:55:90:c4,1,1,0,0.000000,0.000000
DoS-SYN_Flood.pcap,DoS-SYN_Flood,1c:fe:2b:98:16:dd,0,1419425,7762334,0.054049,0.295577
DoS-SYN_Flood.pcap,DoS-SYN_Flood,a0:d0:dc:c4:08:ff,0,1336065,7722186,0.050875,0.294048
DoS-SYN_Flood.pcap,DoS-SYN_Flood,1c:12:b0:9b:0c:ec,0,1230265,6640784,0.046847,0.252870
DoS-SYN_Flood.pcap,DoS-SYN_Flood,3c:18:a0:41:c3:a0,0,79974,75328,0.003045,0.002868
DoS-SYN_Flood.pcap,DoS-SYN_Flood,ac:17:02:05:34:27,0,16819,16653,0.000640,0.000634
DoS-SYN_Flood.pcap,DoS-SYN_Flood,cc:f4:11:9c:d0:00,0,7670,8133,0.000292,0.000310
DoS-SYN_Flood.pcap,DoS-SYN_Flood,ff:ff:ff:ff:ff:ff,0,0,14457,0.000000,0.000550
DoS-SYN_Flood.pcap,DoS-SYN_Flood,7e:cf:20:e9:21:00,0,5328,5522,0.000203,0.000210
DoS-SYN_Flood.pcap,DoS-SYN_Flood,2c:71:ff:05:f1:15,0,4203,4579,0.000160,0.000174
DoS-SYN_Flood.pcap,DoS-SYN_Flood,08:7c:39:ce:6e:2a,0,3652,3944,0.000139,0.000150
DoS-SYN_Flood1.pcap,DoS-SYN_Flood,dc:a6:32:c9:e4:90,1,2,0,0.000000,0.000000
DoS-SYN_Flood1.pcap,DoS-SYN_Flood,dc:a6:32:c9:e4:ab,1,0,0,0.000000,0.000000
DoS-SYN_Flood1.pcap,DoS-SYN_Flood,dc:a6:32:c9:e4:d5,1,1,0,0.000000,0.000000
DoS-SYN_Flood1.pcap,DoS-SYN_Flood,dc:a6:32:c9:e5:a4,1,0,0,0.000000,0.000000
DoS-SYN_Flood1.pcap,DoS-SYN_Flood,dc:a6:32:c9:e5:ef,1,2,0,0.000000,0.000000
DoS-SYN_Flood1.pcap,DoS-SYN_Flood,dc:a6:32:dc:27:d5,1,25942363,281559,0.982455,0.010663
DoS-SYN_Flood1.pcap,DoS-SYN_Flood,e4:5f:01:55:90:c4,1,0,0,0.000000,0.000000
DoS-SYN_Flood1.pcap,DoS-SYN_Flood,cc:f4:11:9c:d0:00,0,11698,10352111,0.000443,0.392041
DoS-SYN_Flood1.pcap,DoS-SYN_Flood,9c:8e:cd:1d:ab:9f,0,51404,9549021,0.001947,0.361628
DoS-SYN_Flood1.pcap,DoS-SYN_Flood,c0:e7:bf:0a:79:d1,0,3946,4805979,0.000149,0.182006
DoS-SYN_Flood1.pcap,DoS-SYN_Flood,1c:12:b0:9b:0c:ec,0,228057,1254890,0.008637,0.047524
DoS-SYN_Flood1.pcap,DoS-SYN_Flood,3c:18:a0:41:c3:a0,0,75850,67689,0.002872,0.002563
DoS-SYN_Flood1.pcap,DoS-SYN_Flood,ac:17:02:05:34:27,0,16259,16083,0.000616,0.000609
DoS-SYN_Flood1.pcap,DoS-SYN_Flood,7e:cf:20:e9:21:00,0,19468,8067,0.000737,0.000306
DoS-SYN_Flood1.pcap,DoS-SYN_Flood,ff:ff:ff:ff:ff:ff,0,0,26318,0.000000,0.000997
DoS-SYN_Flood1.pcap,DoS-SYN_Flood,a0:d0:dc:c4:08:ff,0,4286,3618,0.000162,0.000137
DoS-SYN_Flood1.pcap,DoS-SYN_Flood,08:7c:39:ce:6e:2a,0,3116,3265,0.000118,0.000124
DoS-TCP_Flood.pcap,DoS-TCP_Flood,dc:a6:32:c9:e4:90,1,1,0,0.000000,0.000000
DoS-TCP_Flood.pcap,DoS-TCP_Flood,dc:a6:32:c9:e4:ab,1,6,0,0.000000,0.000000
DoS-TCP_Flood.pcap,DoS-TCP_Flood,dc:a6:32:c9:e4:d5,1,4,0,0.000000,0.000000
DoS-TCP_Flood.pcap,DoS-TCP_Flood,dc:a6:32:c9:e5:a4,1,0,0,0.000000,0.000000
DoS-TCP_Flood.pcap,DoS-TCP_Flood,dc:a6:32:c9:e5:ef,1,5,0,0.000000,0.000000
DoS-TCP_Flood.pcap,DoS-TCP_Flood,dc:a6:32:dc:27:d5,1,24654607,1176880,0.948052,0.045255
DoS-TCP_Flood.pcap,DoS-TCP_Flood,e4:5f:01:55:90:c4,1,2,0,0.000000,0.000000
DoS-TCP_Flood.pcap,DoS-TCP_Flood,cc:f4:11:9c:d0:00,0,7998,18879944,0.000308,0.725997
DoS-TCP_Flood.pcap,DoS-TCP_Flood,1c:12:b0:9b:0c:ec,0,1179580,5806348,0.045359,0.223273
DoS-TCP_Flood.pcap,DoS-TCP_Flood,3c:18:a0:41:c3:a0,0,89752,46542,0.003451,0.001790
DoS-TCP_Flood.pcap,DoS-TCP_Flood,7e:cf:20:e9:21:00,0,6558,14927,0.000252,0.000574
DoS-TCP_Flood.pcap,DoS-TCP_Flood,1c:fe:2b:98:16:dd,0,9173,5325,0.000353,0.000205
DoS-TCP_Flood.pcap,DoS-TCP_Flood,08:7c:39:ce:6e:2a,0,4114,7489,0.000158,0.000288
DoS-TCP_Flood.pcap,DoS-TCP_Flood,44:bb:3b:00:39:07,0,4064,5400,0.000156,0.000208
DoS-TCP_Flood.pcap,DoS-TCP_Flood,ff:ff:ff:ff:ff:ff,0,0,8329,0.000000,0.000320
DoS-TCP_Flood.pcap,DoS-TCP_Flood,a0:d0:dc:c4:08:ff,0,2871,4539,0.000110,0.000175
DoS-TCP_Flood.pcap,DoS-TCP_Flood,70:ee:50:68:0e:32,0,2814,3805,0.000108,0.000146
DoS-UDP_Flood.pcap,DoS-UDP_Flood,dc:a6:32:c9:e4:90,1,5,0,0.000000,0.000000
DoS-UDP_Flood.pcap,DoS-UDP_Flood,dc:a6:32:c9:e4:ab,1,2,0,0.000000,0.000000
DoS-UDP_Flood.pcap,DoS-UDP_Flood,dc:a6:32:c9:e4:d5,1,4,0,0.000000,0.000000
DoS-UDP_Flood.pcap,DoS-UDP_Flood,dc:a6:32:c9:e5:a4,1,3,0,0.000000,0.000000
DoS-UDP_Flood.pcap,DoS-UDP_Flood,dc:a6:32:c9:e5:ef,1,2,0,0.000000,0.000000
DoS-UDP_Flood.pcap,DoS-UDP_Flood,dc:a6:32:dc:27:d5,1,16515059,2179,0.990327,0.000131
DoS-UDP_Flood.pcap,DoS-UDP_Flood,e4:5f:01:55:90:c4,1,3,0,0.000000,0.000000
DoS-UDP_Flood.pcap,DoS-UDP_Flood,9c:8e:cd:1d:ab:9f,0,2511,7606406,0.000151,0.456119
DoS-UDP_Flood.pcap,DoS-UDP_Flood,1c:12:b0:9b:0c:ec,0,7253,6100170,0.000435,0.365797
DoS-UDP_Flood.pcap,DoS-UDP_Flood,cc:f4:11:9c:d0:00,0,6656,2826266,0.000399,0.169477
DoS-UDP_Flood.pcap,DoS-UDP_Flood,3c:18:a0:41:c3:a0,0,66571,61313,0.003992,0.003677
DoS-UDP_Flood.pcap,DoS-UDP_Flood,ac:17:02:05:34:27,0,13723,13475,0.000823,0.000808
DoS-UDP_Flood.pcap,DoS-UDP_Flood,ff:ff:ff:ff:ff:ff,0,0,13375,0.000000,0.000802
DoS-UDP_Flood.pcap,DoS-UDP_Flood,a0:d0:dc:c4:08:ff,0,7103,5522,0.000426,0.000331
DoS-UDP_Flood.pcap,DoS-UDP_Flood,ee:06:3b:b8:d1:df,0,4827,4378,0.000289,0.000263
DoS-UDP_Flood.pcap,DoS-UDP_Flood,2c:71:ff:05:f1:15,0,3263,3680,0.000196,0.000221
DoS-UDP_Flood.pcap,DoS-UDP_Flood,1c:fe:2b:98:16:dd,0,2674,3077,0.000160,0.000185
MITM-ArpSpoofing.pcap,MITM-ArpSpoofing,dc:a6:32:c9:e4:90,1,31,3,0.000012,0.000001
MITM-ArpSpoofing.pcap,MITM-ArpSpoofing,dc:a6:32:c9:e4:ab,1,31,4,0.000012,0.000002
MITM-ArpSpoofing.pcap,MITM-ArpSpoofing,dc:a6:32:c9:e4:d5,1,137,42,0.000055,0.000017
MITM-ArpSpoofing.pcap,MITM-ArpSpoofing,dc:a6:32:c9:e5:a4,1,33,5,0.000013,0.000002
MITM-ArpSpoofing.pcap,MITM-ArpSpoofing,dc:a6:32:c9:e5:ef,1,128,42,0.000051,0.000017
MITM-ArpSpoofing.pcap,MITM-ArpSpoofing,dc:a6:32:dc:27:d5,1,26331,70849,0.010568,0.028435
MITM-ArpSpoofing.pcap,MITM-ArpSpoofing,e4:5f:01:55:90:c4,1,238,197,0.000096,0.000079
MITM-ArpSpoofing.pcap,MITM-ArpSpoofing,3c:18:a0:41:c3:a0,0,1133521,1122781,0.454933,0.450623
MITM-ArpSpoofing.pcap,MITM-ArpSpoofing,56:4f:8a:e1:f3:2d,0,258108,227338,0.103590,0.091241
MITM-ArpSpoofing.pcap,MITM-ArpSpoofing,94:39:e5:5d:27:a6,0,208884,275712,0.083835,0.110656
MITM-ArpSpoofing.pcap,MITM-ArpSpoofing,08:7c:39:ce:6e:2a,0,269286,213889,0.108077,0.085843
MITM-ArpSpoofing.pcap,MITM-ArpSpoofing,40:5d:82:35:14:c8,0,48794,44990,0.019583,0.018057
MITM-ArpSpoofing.pcap,MITM-ArpSpoofing,70:ee:50:68:0e:32,0,45542,36351,0.018278,0.014589
MITM-ArpSpoofing.pcap,MITM-ArpSpoofing,44:bb:3b:00:39:07,0,41268,39643,0.016563,0.015911
MITM-ArpSpoofing.pcap,MITM-ArpSpoofing,28:6d:97:7a:2b:2d,0,21517,58908,0.008636,0.023642
MITM-ArpSpoofing.pcap,MITM-ArpSpoofing,ac:bc:32:cd:9c:b7,0,33030,46210,0.013256,0.018546
MITM-ArpSpoofing.pcap,MITM-ArpSpoofing,ff:ff:ff:ff:ff:ff,0,0,71440,0.000000,0.028672
Mirai-greeth_flood.pcap,Mirai-greeth_flood,dc:a6:32:c9:e4:90,1,764085,101,0.227910,0.000030
Mirai-greeth_flood.pcap,Mirai-greeth_flood,dc:a6:32:c9:e4:ab,1,453701,94,0.135329,0.000028
Mirai-greeth_flood.pcap,Mirai-greeth_flood,dc:a6:32:c9:e4:d5,1,543730,102,0.162183,0.000030
Mirai-greeth_flood.pcap,Mirai-greeth_flood,dc:a6:32:c9:e5:a4,1,265363,371,0.079152,0.000111
Mirai-greeth_flood.pcap,Mirai-greeth_flood,dc:a6:32:c9:e5:ef,1,390079,124,0.116352,0.000037
Mirai-greeth_flood.pcap,Mirai-greeth_flood,dc:a6:32:dc:27:d5,1,306113,108,0.091307,0.000032
Mirai-greeth_flood.pcap,Mirai-greeth_flood,e4:5f:01:55:90:c4,1,533948,116,0.159265,0.000035
Mirai-greeth_flood.pcap,Mirai-greeth_flood,1c:fe:2b:98:16:dd,0,1602,2440198,0.000478,0.727859
Mirai-greeth_flood.pcap,Mirai-greeth_flood,9c:8e:cd:1d:ab:9f,0,2089,817095,0.000623,0.243722
Mirai-greeth_flood.pcap,Mirai-greeth_flood,3c:18:a0:41:c3:a0,0,39569,44825,0.011803,0.013370
Mirai-greeth_flood.pcap,Mirai-greeth_flood,56:4f:8a:e1:f3:2d,0,30735,22477,0.009168,0.006704
Mirai-greeth_flood.pcap,Mirai-greeth_flood,ff:ff:ff:ff:ff:ff,0,0,8735,0.000000,0.002605
Mirai-greeth_flood.pcap,Mirai-greeth_flood,7c:78:b2:86:0d:81,0,1746,1618,0.000521,0.000483
Mirai-greeth_flood.pcap,Mirai-greeth_flood,cc:f4:11:9c:d0:00,0,1004,1228,0.000299,0.000366
Mirai-greeth_flood.pcap,Mirai-greeth_flood,70:ee:50:68:0e:32,0,1017,715,0.000303,0.000213
Mirai-greeth_flood.pcap,Mirai-greeth_flood,08:7c:39:ce:6e:2a,0,880,806,0.000262,0.000240
Mirai-greeth_flood.pcap,Mirai-greeth_flood,2c:71:ff:05:f1:15,0,880,774,0.000262,0.000231
Mirai-greip_flood21.pcap,Mirai-greip_flood,dc:a6:32:c9:e4:90,1,211371,275,0.176688,0.000230
Mirai-greip_flood21.pcap,Mirai-greip_flood,dc:a6:32:c9:e4:ab,1,143877,304,0.120269,0.000254
Mirai-greip_flood21.pcap,Mirai-greip_flood,dc:a6:32:c9:e4:d5,1,203956,289,0.170490,0.000242
Mirai-greip_flood21.pcap,Mirai-greip_flood,dc:a6:32:c9:e5:a4,1,134020,355,0.112029,0.000297
Mirai-greip_flood21.pcap,Mirai-greip_flood,dc:a6:32:c9:e5:ef,1,195209,283,0.163178,0.000237
Mirai-greip_flood21.pcap,Mirai-greip_flood,dc:a6:32:dc:27:d5,1,116388,272,0.097290,0.000227
Mirai-greip_flood21.pcap,Mirai-greip_flood,e4:5f:01:55:90:c4,1,175821,298,0.146971,0.000249
Mirai-greip_flood21.pcap,Mirai-greip_flood,28:6d:97:7a:2b:2d,0,2464,1180567,0.002060,0.986852
Mirai-greip_flood21.pcap,Mirai-greip_flood,3c:18:a0:41:c3:a0,0,5622,4570,0.004700,0.003820
Mirai-greip_flood21.pcap,Mirai-greip_flood,ff:ff:ff:ff:ff:ff,0,0,2634,0.000000,0.002202
Mirai-greip_flood21.pcap,Mirai-greip_flood,9c:8e:cd:1d:ab:9f,0,666,582,0.000557,0.000487
Mirai-greip_flood21.pcap,Mirai-greip_flood,56:4f:8a:e1:f3:2d,0,549,677,0.000459,0.000566
Mirai-greip_flood21.pcap,Mirai-greip_flood,6c:5a:b0:44:1d:90,0,507,642,0.000424,0.000537
Mirai-greip_flood21.pcap,Mirai-greip_flood,40:5d:82:35:14:c8,0,397,407,0.000332,0.000340
Mirai-greip_flood21.pcap,Mirai-greip_flood,7c:78:b2:86:0d:81,0,382,312,0.000319,0.000261
Mirai-greip_flood21.pcap,Mirai-greip_flood,e8:1b:69:f8:d4:e3,0,636,52,0.000532,0.000043
Mirai-greip_flood21.pcap,Mirai-greip_flood,c4:dd:57:0c:39:94,0,192,167,0.000160,0.000140
Mirai-udpplain.pcap,Mirai-udpplain,dc:a6:32:c9:e4:90,1,659130,45,0.180967,0.000012
Mirai-udpplain.pcap,Mirai-udpplain,dc:a6:32:c9:e4:ab,1,393554,43,0.108052,0.000012
Mirai-udpplain.pcap,Mirai-udpplain,dc:a6:32:c9:e4:d5,1,753722,78,0.206937,0.000021
Mirai-udpplain.pcap,Mirai-udpplain,dc:a6:32:c9:e5:a4,1,644873,579,0.177053,0.000159
Mirai-udpplain.pcap,Mirai-udpplain,dc:a6:32:c9:e5:ef,1,372460,74,0.102260,0.000020
Mirai-udpplain.pcap,Mirai-udpplain,dc:a6:32:dc:27:d5,1,442703,56,0.121546,0.000015
Mirai-udpplain.pcap,Mirai-udpplain,e4:5f:01:55:90:c4,1,297165,64,0.081588,0.000018
Mirai-udpplain.pcap,Mirai-udpplain,1c:fe:2b:98:16:dd,0,1992,1953764,0.000547,0.536414
Mirai-udpplain.pcap,Mirai-udpplain,08:7c:39:ce:6e:2a,0,1196,1263149,0.000328,0.346803
Mirai-udpplain.pcap,Mirai-udpplain,cc:f4:11:9c:d0:00,0,3736,346961,0.001026,0.095260
Mirai-udpplain.pcap,Mirai-udpplain,3c:18:a0:41:c3:a0,0,32196,29759,0.008840,0.008170
Mirai-udpplain.pcap,Mirai-udpplain,ff:ff:ff:ff:ff:ff,0,0,15411,0.000000,0.004231
Mirai-udpplain.pcap,Mirai-udpplain,56:4f:8a:e1:f3:2d,0,3988,4811,0.001095,0.001321
Mirai-udpplain.pcap,Mirai-udpplain,7c:78:b2:86:0d:81,0,2364,2110,0.000649,0.000579
Mirai-udpplain.pcap,Mirai-udpplain,70:ee:50:68:0e:32,0,2155,1527,0.000592,0.000419
Mirai-udpplain.pcap,Mirai-udpplain,40:5d:82:35:14:c8,0,1430,1374,0.000393,0.000377
Mirai-udpplain.pcap,Mirai-udpplain,2c:71:ff:05:f1:15,0,1492,1223,0.000410,0.000336
Recon-HostDiscovery.pcap,Recon-HostDiscovery,dc:a6:32:c9:e4:90,1,14,5,0.000010,0.000004
Recon-HostDiscovery.pcap,Recon-HostDiscovery,dc:a6:32:c9:e4:ab,1,13,8,0.000009,0.000006
Recon-HostDiscovery.pcap,Recon-HostDiscovery,dc:a6:32:c9:e4:d5,1,8,0,0.000006,0.000000
Recon-HostDiscovery.pcap,Recon-HostDiscovery,dc:a6:32:c9:e5:a4,1,14,3,0.000010,0.000002
Recon-HostDiscovery.pcap,Recon-HostDiscovery,dc:a6:32:c9:e5:ef,1,13,6,0.000009,0.000004
Recon-HostDiscovery.pcap,Recon-HostDiscovery,dc:a6:32:dc:27:d5,1,385067,277854,0.280843,0.202649
Recon-HostDiscovery.pcap,Recon-HostDiscovery,e4:5f:01:55:90:c4,1,10,0,0.000007,0.000000
Recon-HostDiscovery.pcap,Recon-HostDiscovery,3c:18:a0:41:c3:a0,0,245971,300639,0.179395,0.219267
Recon-HostDiscovery.pcap,Recon-HostDiscovery,ff:ff:ff:ff:ff:ff,0,0,113260,0.000000,0.082604
Recon-HostDiscovery.pcap,Recon-HostDiscovery,28:6d:97:7a:2b:2d,0,45003,31916,0.032822,0.023277
Recon-HostDiscovery.pcap,Recon-HostDiscovery,7c:78:b2:86:0d:81,0,34946,23805,0.025487,0.017362
Recon-HostDiscovery.pcap,Recon-HostDiscovery,2c:71:ff:05:f1:15,0,31999,26578,0.023338,0.019384
Recon-HostDiscovery.pcap,Recon-HostDiscovery,c0:e7:bf:0a:79:d1,0,25106,15701,0.018311,0.011451
Recon-HostDiscovery.pcap,Recon-HostDiscovery,44:bb:3b:00:39:07,0,20059,20065,0.014630,0.014634
Recon-HostDiscovery.pcap,Recon-HostDiscovery,34:75:63:73:f3:36,0,18331,18433,0.013369,0.013444
Recon-HostDiscovery.pcap,Recon-HostDiscovery,56:4f:8a:e1:f3:2d,0,10167,25127,0.007415,0.018326
Recon-HostDiscovery.pcap,Recon-HostDiscovery,1c:12:b0:9b:0c:ec,0,17809,15218,0.012989,0.011099
Recon-OSScan.pcap,Recon-OSScan,dc:a6:32:c9:e4:90,1,9,0,0.000009,0.000000
Recon-OSScan.pcap,Recon-OSScan,dc:a6:32:c9:e4:ab,1,11,3,0.000011,0.000003
Recon-OSScan.pcap,Recon-OSScan,dc:a6:32:c9:e4:d5,1,0,4,0.000000,0.000004
Recon-OSScan.pcap,Recon-OSScan,dc:a6:32:c9:e5:a4,1,9,2,0.000009,0.000002
Recon-OSScan.pcap,Recon-OSScan,dc:a6:32:c9:e5:ef,1,5,0,0.000005,0.000000
Recon-OSScan.pcap,Recon-OSScan,dc:a6:32:dc:27:d5,1,121351,98676,0.122300,0.099448
Recon-OSScan.pcap,Recon-OSScan,e4:5f:01:55:90:c4,1,6,1,0.000006,0.000001
Recon-OSScan.pcap,Recon-OSScan,3c:18:a0:41:c3:a0,0,280564,322124,0.282758,0.324643
Recon-OSScan.pcap,Recon-OSScan,40:5d:82:35:14:c8,0,89819,74680,0.090521,0.075264
Recon-OSScan.pcap,Recon-OSScan,ac:17:02:05:34:27,0,68677,67904,0.069214,0.068435
Recon-OSScan.pcap,Recon-OSScan,44:bb:3b:00:39:07,0,44599,43554,0.044948,0.043895
Recon-OSScan.pcap,Recon-OSScan,00:0c:29:1c:55:4a,0,31130,33597,0.031373,0.033860
Recon-OSScan.pcap,Recon-OSScan,30:23:03:f3:57:cb,0,35799,25807,0.036079,0.026009
Recon-OSScan.pcap,Recon-OSScan,ff:ff:ff:ff:ff:ff,0,0,47493,0.000000,0.047864
Recon-OSScan.pcap,Recon-OSScan,1c:12:b0:9b:0c:ec,0,22727,21164,0.022905,0.021329
Recon-OSScan.pcap,Recon-OSScan,a0:d0:dc:c4:08:ff,0,18541,20313,0.018686,0.020472
Recon-OSScan.pcap,Recon-OSScan,2c:71:ff:05:f1:15,0,17975,13738,0.018116,0.013845
Recon-PingSweep.pcap,Recon-PingSweep,dc:a6:32:c9:e4:90,1,0,0,0.000000,0.000000
Recon-PingSweep.pcap,Recon-PingSweep,dc:a6:32:c9:e4:ab,1,1,0,0.000044,0.000000
Recon-PingSweep.pcap,Recon-PingSweep,dc:a6:32:c9:e4:d5,1,0,0,0.000000,0.000000
Recon-PingSweep.pcap,Recon-PingSweep,dc:a6:32:c9:e5:a4,1,0,0,0.000000,0.000000
Recon-PingSweep.pcap,Recon-PingSweep,dc:a6:32:c9:e5:ef,1,1,0,0.000044,0.000000
Recon-PingSweep.pcap,Recon-PingSweep,dc:a6:32:dc:27:d5,1,2222,439,0.096849,0.019134
Recon-PingSweep.pcap,Recon-PingSweep,e4:5f:01:55:90:c4,1,0,0,0.000000,0.000000
Recon-PingSweep.pcap,Recon-PingSweep,3c:18:a0:41:c3:a0,0,7501,8782,0.326941,0.382775
Recon-PingSweep.pcap,Recon-PingSweep,ac:17:02:05:34:27,0,1976,1964,0.086126,0.085603
Recon-PingSweep.pcap,Recon-PingSweep,ff:ff:ff:ff:ff:ff,0,0,3163,0.000000,0.137863
Recon-PingSweep.pcap,Recon-PingSweep,70:ee:50:68:0e:32,0,1606,1234,0.070000,0.053785
Recon-PingSweep.pcap,Recon-PingSweep,44:bb:3b:00:39:07,0,996,979,0.043412,0.042671
Recon-PingSweep.pcap,Recon-PingSweep,40:5d:82:35:14:c8,0,878,762,0.038269,0.033213
Recon-PingSweep.pcap,Recon-PingSweep,56:4f:8a:e1:f3:2d,0,636,572,0.027721,0.024931
Recon-PingSweep.pcap,Recon-PingSweep,a0:d0:dc:c4:08:ff,0,545,602,0.023755,0.026239
Recon-PingSweep.pcap,Recon-PingSweep,1c:12:b0:9b:0c:ec,0,536,486,0.023362,0.021183
Recon-PingSweep.pcap,Recon-PingSweep,00:0c:29:1c:55:4a,0,430,469,0.018742,0.020442
Recon-PortScan.pcap,Recon-PortScan,dc:a6:32:c9:e4:90,1,6,2,0.000007,0.000002
Recon-PortScan.pcap,Recon-PortScan,dc:a6:32:c9:e4:ab,1,8,2,0.000010,0.000002
Recon-PortScan.pcap,Recon-PortScan,dc:a6:32:c9:e4:d5,1,5,1,0.000006,0.000001
Recon-PortScan.pcap,Recon-PortScan,dc:a6:32:c9:e5:a4,1,9,1,0.000011,0.000001
Recon-PortScan.pcap,Recon-PortScan,dc:a6:32:c9:e5:ef,1,6,2,0.000007,0.000002
Recon-PortScan.pcap,Recon-PortScan,dc:a6:32:dc:27:d5,1,143683,121171,0.172726,0.145663
Recon-PortScan.pcap,Recon-PortScan,e4:5f:01:55:90:c4,1,4,1,0.000005,0.000001
Recon-PortScan.pcap,Recon-PortScan,3c:18:a0:41:c3:a0,0,196077,223397,0.235710,0.268552
Recon-PortScan.pcap,Recon-PortScan,ac:17:02:05:34:27,0,62159,61440,0.074723,0.073859
Recon-PortScan.pcap,Recon-PortScan,00:0c:29:1c:55:4a,0,27747,29936,0.033356,0.035987
Recon-PortScan.pcap,Recon-PortScan,30:23:03:f3:57:cb,0,32198,23271,0.038706,0.027975
Recon-PortScan.pcap,Recon-PortScan,40:5d:82:35:14:c8,0,29608,25363,0.035593,0.030490
Recon-PortScan.pcap,Recon-PortScan,44:bb:3b:00:39:07,0,25179,24813,0.030268,0.029828
Recon-PortScan.pcap,Recon-PortScan,1c:12:b0:9b:0c:ec,0,20792,19266,0.024995,0.023160
Recon-PortScan.pcap,Recon-PortScan,ff:ff:ff:ff:ff:ff,0,0,39337,0.000000,0.047288
Recon-PortScan.pcap,Recon-PortScan,a0:d0:dc:c4:08:ff,0,16207,17872,0.019483,0.021484
Recon-PortScan.pcap,Recon-PortScan,2c:71:ff:05:f1:15,0,15344,12073,0.018446,0.014513
SqlInjection.pcap,SqlInjection,dc:a6:32:c9:e4:90,1,1,0,0.000019,0.000000
SqlInjection.pcap,SqlInjection,dc:a6:32:c9:e4:ab,1,1,0,0.000019,0.000000
SqlInjection.pcap,SqlInjection,dc:a6:32:c9:e4:d5,1,0,0,0.000000,0.000000
SqlInjection.pcap,SqlInjection,dc:a6:32:c9:e5:a4,1,0,0,0.000000,0.000000
SqlInjection.pcap,SqlInjection,dc:a6:32:c9:e5:ef,1,1,0,0.000019,0.000000
SqlInjection.pcap,SqlInjection,dc:a6:32:dc:27:d5,1,2536,2248,0.047436,0.042049
SqlInjection.pcap,SqlInjection,e4:5f:01:55:90:c4,1,0,0,0.000000,0.000000
SqlInjection.pcap,SqlInjection,3c:18:a0:41:c3:a0,0,17154,20301,0.320863,0.379728
SqlInjection.pcap,SqlInjection,ac:17:02:05:34:27,0,7402,7334,0.138453,0.137182
SqlInjection.pcap,SqlInjection,ff:ff:ff:ff:ff:ff,0,0,5002,0.000000,0.093562
SqlInjection.pcap,SqlInjection,a0:d0:dc:c4:08:ff,0,2052,2226,0.038382,0.041637
SqlInjection.pcap,SqlInjection,1c:12:b0:9b:0c:ec,0,2152,1948,0.040253,0.036437
SqlInjection.pcap,SqlInjection,44:bb:3b:00:39:07,0,1262,1262,0.023606,0.023606
SqlInjection.pcap,SqlInjection,dc:a6:32:c9:e4:c6,0,831,918,0.015544,0.017171
SqlInjection.pcap,SqlInjection,2c:71:ff:05:f1:15,0,972,693,0.018181,0.012962
SqlInjection.pcap,SqlInjection,08:7c:39:ce:6e:2a,0,894,679,0.016722,0.012701
SqlInjection.pcap,SqlInjection,dc:a6:32:c9:e5:02,0,650,720,0.012158,0.013468
Uploading_Attack.pcap,Uploading_Attack,dc:a6:32:c9:e4:90,1,0,0,0.000000,0.000000
Uploading_Attack.pcap,Uploading_Attack,dc:a6:32:c9:e4:ab,1,1,0,0.000077,0.000000
Uploading_Attack.pcap,Uploading_Attack,dc:a6:32:c9:e4:d5,1,0,0,0.000000,0.000000
Uploading_Attack.pcap,Uploading_Attack,dc:a6:32:c9:e5:a4,1,181,154,0.013989,0.011902
Uploading_Attack.pcap,Uploading_Attack,dc:a6:32:c9:e5:ef,1,0,0,0.000000,0.000000
Uploading_Attack.pcap,Uploading_Attack,dc:a6:32:dc:27:d5,1,388,331,0.029987,0.025582
Uploading_Attack.pcap,Uploading_Attack,e4:5f:01:55:90:c4,1,0,0,0.000000,0.000000
Uploading_Attack.pcap,Uploading_Attack,3c:18:a0:41:c3:a0,0,4449,5114,0.343844,0.395239
Uploading_Attack.pcap,Uploading_Attack,ff:ff:ff:ff:ff:ff,0,0,1619,0.000000,0.125126
Uploading_Attack.pcap,Uploading_Attack,dc:a6:32:c9:e6:f4,0,541,550,0.041812,0.042507
Uploading_Attack.pcap,Uploading_Attack,7c:78:b2:86:0d:81,0,501,343,0.038720,0.026509
Uploading_Attack.pcap,Uploading_Attack,cc:f4:11:9c:d0:00,0,418,354,0.032305,0.027359
Uploading_Attack.pcap,Uploading_Attack,70:ee:50:68:0e:32,0,353,340,0.027282,0.026277
Uploading_Attack.pcap,Uploading_Attack,44:bb:3b:00:39:07,0,332,330,0.025659,0.025504
Uploading_Attack.pcap,Uploading_Attack,6c:5a:b0:44:1d:90,0,302,283,0.023340,0.021872
Uploading_Attack.pcap,Uploading_Attack,2c:71:ff:05:f1:15,0,320,238,0.024731,0.018394
Uploading_Attack.pcap,Uploading_Attack,08:7c:39:ce:6e:2a,0,242,257,0.018703,0.019862
VulnerabilityScan.pcap,VulnerabilityScan,dc:a6:32:c9:e4:90,1,54,10,0.000014,0.000003
VulnerabilityScan.pcap,VulnerabilityScan,dc:a6:32:c9:e4:ab,1,56,9,0.000015,0.000002
VulnerabilityScan.pcap,VulnerabilityScan,dc:a6:32:c9:e4:d5,1,0,0,0.000000,0.000000
VulnerabilityScan.pcap,VulnerabilityScan,dc:a6:32:c9:e5:a4,1,56,15,0.000015,0.000004
VulnerabilityScan.pcap,VulnerabilityScan,dc:a6:32:c9:e5:ef,1,49,17,0.000013,0.000004
VulnerabilityScan.pcap,VulnerabilityScan,dc:a6:32:dc:27:d5,1,193589,174959,0.050911,0.046011
VulnerabilityScan.pcap,VulnerabilityScan,e4:5f:01:55:90:c4,1,56,17,0.000015,0.000004
VulnerabilityScan.pcap,VulnerabilityScan,3c:18:a0:41:c3:a0,0,1245130,1423305,0.327448,0.374304
VulnerabilityScan.pcap,VulnerabilityScan,ac:17:02:05:34:27,0,480858,476005,0.126457,0.125181
VulnerabilityScan.pcap,VulnerabilityScan,ff:ff:ff:ff:ff:ff,0,0,329665,0.000000,0.086696
VulnerabilityScan.pcap,VulnerabilityScan,a0:d0:dc:c4:08:ff,0,149706,159690,0.039370,0.041996
VulnerabilityScan.pcap,VulnerabilityScan,1c:12:b0:9b:0c:ec,0,158991,146170,0.041812,0.038440
VulnerabilityScan.pcap,VulnerabilityScan,24:05:88:30:6f:89,0,109549,141693,0.028809,0.037263
VulnerabilityScan.pcap,VulnerabilityScan,34:75:63:73:f3:36,0,126170,111745,0.033181,0.029387
VulnerabilityScan.pcap,VulnerabilityScan,2c:71:ff:05:f1:15,0,96600,72131,0.025404,0.018969
VulnerabilityScan.pcap,VulnerabilityScan,44:bb:3b:00:39:07,0,72526,71955,0.019073,0.018923
VulnerabilityScan.pcap,VulnerabilityScan,08:7c:39:ce:6e:2a,0,61748,52724,0.016239,0.013865
XSS.pcap,XSS,dc:a6:32:c9:e4:90,1,0,0,0.000000,0.000000
XSS.pcap,XSS,dc:a6:32:c9:e4:ab,1,1,0,0.000025,0.000000
XSS.pcap,XSS,dc:a6:32:c9:e4:d5,1,0,0,0.000000,0.000000
XSS.pcap,XSS,dc:a6:32:c9:e5:a4,1,555,482,0.013812,0.011995
XSS.pcap,XSS,dc:a6:32:c9:e5:ef,1,0,1,0.000000,0.000025
XSS.pcap,XSS,dc:a6:32:dc:27:d5,1,968,798,0.024090,0.019859
XSS.pcap,XSS,e4:5f:01:55:90:c4,1,0,0,0.000000,0.000000
XSS.pcap,XSS,3c:18:a0:41:c3:a0,0,13793,15847,0.343255,0.394371
XSS.pcap,XSS,ff:ff:ff:ff:ff:ff,0,0,4920,0.000000,0.122440
XSS.pcap,XSS,70:ee:50:68:0e:32,0,1992,1705,0.049573,0.042431
XSS.pcap,XSS,7c:78:b2:86:0d:81,0,1535,984,0.038200,0.024488
XSS.pcap,XSS,56:4f:8a:e1:f3:2d,0,814,1516,0.020257,0.037727
XSS.pcap,XSS,cc:f4:11:9c:d0:00,0,1253,1045,0.031182,0.026006
XSS.pcap,XSS,44:bb:3b:00:39:07,0,1110,1110,0.027624,0.027624
XSS.pcap,XSS,2c:71:ff:05:f1:15,0,1267,904,0.031531,0.022497
XSS.pcap,XSS,6c:5a:b0:44:1d:90,0,936,850,0.023293,0.021153
XSS.pcap,XSS,00:17:88:60:d6:4f,0,1128,332,0.028072,0.008262
