execucao,distribuicao,classe,precisao,recall,f1,suporte,taxa_falso_positivo,recall_na_regra_do_teto
f39_estratificada_c8,amostra,DDoS,0.878209,0.907445,0.892588,110000,0.093726,0.995891
f39_estratificada_c8,amostra,DoS,0.720870,0.656100,0.686962,40000,0.046680,0.938250
f39_estratificada_c8,amostra,Mirai,0.999365,0.996600,0.997981,30000,0.000083,1.000000
f39_estratificada_c8,amostra,Recon,0.778422,0.916329,0.841764,40432,0.048540,0.998739
f39_estratificada_c8,amostra,Spoofing,0.930615,0.863750,0.895937,20000,0.005419,0.999150
f39_estratificada_c8,amostra,Web,0.696247,0.288445,0.407903,4760,0.002368,0.994328
f39_estratificada_c8,amostra,BruteForce,0.799430,0.335863,0.473003,2504,0.000827,1.000000
f39_estratificada_c8,amostra,Benign,0.631024,0.538200,0.580927,10000,0.012705,0.998100
f39_estratificada_c8,original,DDoS,0.901369,0.875049,0.888014,32536197,0.249567,0.995530
f39_estratificada_c8,original,DoS,0.533128,0.598780,0.564050,7746554,0.108981,0.918677
f39_estratificada_c8,original,Mirai,0.998191,0.996558,0.997374,2521731,0.000107,1.000000
f39_estratificada_c8,original,Recon,0.544754,0.926111,0.685994,661121,0.011535,0.998584
f39_estratificada_c8,original,Spoofing,0.898477,0.863288,0.880531,465937,0.001020,0.999042
f39_estratificada_c8,original,Web,0.297497,0.288418,0.292887,23799,0.000360,0.994328
f39_estratificada_c8,original,BruteForce,0.413871,0.335863,0.370809,12522,0.000132,1.000000
f39_estratificada_c8,original,Benign,0.927405,0.538200,0.681124,1051373,0.001007,0.998900
f39_estratificada_c7,amostra,DDoS+DoS,0.999327,0.999840,0.999583,150000,0.000938,1.000000
f39_estratificada_c7,amostra,Mirai,0.999565,0.996633,0.998097,30000,0.000057,1.000000
f39_estratificada_c7,amostra,Recon,0.777981,0.915636,0.841214,40432,0.048627,0.998739
f39_estratificada_c7,amostra,Spoofing,0.930847,0.864850,0.896636,20000,0.005406,0.999150
f39_estratificada_c7,amostra,Web,0.684424,0.283403,0.400832,4760,0.002459,0.994328
f39_estratificada_c7,amostra,BruteForce,0.793951,0.335463,0.471645,2504,0.000854,1.000000
f39_estratificada_c7,amostra,Benign,0.630082,0.536200,0.579363,10000,0.012709,0.998100
f39_estratificada_c7,original,DDoS+DoS,0.999785,0.999916,0.999850,40282751,0.001829,1.000000
f39_estratificada_c7,original,Mirai,0.998738,0.996564,0.997650,2521731,0.000075,1.000000
f39_estratificada_c7,original,Recon,0.543773,0.925236,0.684977,661121,0.011570,0.998584
f39_estratificada_c7,original,Spoofing,0.898911,0.864494,0.881366,465937,0.001017,0.999042
f39_estratificada_c7,original,Web,0.282829,0.283375,0.283102,23799,0.000380,0.994328
f39_estratificada_c7,original,BruteForce,0.413634,0.335463,0.370470,12522,0.000132,1.000000
f39_estratificada_c7,original,Benign,0.927277,0.536200,0.679486,1051373,0.001006,0.998900
f39_grupos_c8,amostra,DDoS,0.877769,0.908620,0.892928,110134,0.094248,0.984782
f39_grupos_c8,amostra,DoS,0.722391,0.653835,0.686405,39978,0.046076,0.892591
f39_grupos_c8,amostra,Mirai,0.999265,0.996301,0.997781,30012,0.000097,1.000000
f39_grupos_c8,amostra,Recon,0.779627,0.915391,0.842072,40433,0.048089,0.998640
f39_grupos_c8,amostra,Spoofing,0.934723,0.867004,0.899591,20166,0.005134,0.999504
f39_grupos_c8,amostra,Web,0.714588,0.284452,0.406922,4753,0.002132,0.994530
f39_grupos_c8,amostra,BruteForce,0.775271,0.342914,0.475505,2505,0.000975,0.998802
f39_grupos_c8,amostra,Benign,0.632402,0.549615,0.588109,10007,0.012892,0.997502
f39_grupos_c8,original,DDoS,0.900965,0.877205,0.888926,32536197,0.251320,0.986430
f39_grupos_c8,original,DoS,0.536187,0.595948,0.564490,7746554,0.107140,0.839227
f39_grupos_c8,original,Mirai,0.998693,0.996232,0.997461,2521731,0.000077,1.000000
f39_grupos_c8,original,Recon,0.547419,0.924052,0.687535,661121,0.011386,0.998539
f39_grupos_c8,original,Spoofing,0.909246,0.866957,0.887598,465937,0.000905,0.999488
f39_grupos_c8,original,Web,0.321416,0.284509,0.301838,23799,0.000318,0.994520
f39_grupos_c8,original,BruteForce,0.375957,0.342914,0.358676,12522,0.000158,0.998802
f39_grupos_c8,original,Benign,0.927723,0.549615,0.690283,1051373,0.001024,0.997802
f39_grupos_c7,amostra,DDoS+DoS,0.999241,0.999787,0.999514,150112,0.001057,1.000000
f39_grupos_c7,amostra,Mirai,0.999265,0.996135,0.997697,30012,0.000097,1.000000
f39_grupos_c7,amostra,Recon,0.779238,0.915069,0.841709,40433,0.048181,0.998640
f39_grupos_c7,amostra,Spoofing,0.933986,0.865764,0.898582,20166,0.005189,0.999504
f39_grupos_c7,amostra,Web,0.711731,0.284662,0.406673,4753,0.002164,0.994530
f39_grupos_c7,amostra,BruteForce,0.794800,0.341717,0.477945,2505,0.000865,0.998802
f39_grupos_c7,amostra,Benign,0.629986,0.549216,0.586835,10007,0.013017,0.997502
f39_grupos_c7,original,DDoS+DoS,0.999755,0.999915,0.999835,40282751,0.002084,1.000000
f39_grupos_c7,original,Mirai,0.998919,0.996029,0.997472,2521731,0.000064,1.000000
f39_grupos_c7,original,Recon,0.547827,0.924110,0.687872,661121,0.011368,0.998539
f39_grupos_c7,original,Spoofing,0.905431,0.865809,0.885177,465937,0.000946,0.999488
f39_grupos_c7,original,Web,0.311209,0.284722,0.297377,23799,0.000333,0.994520
f39_grupos_c7,original,BruteForce,0.407481,0.341717,0.371712,12522,0.000138,0.998802
f39_grupos_c7,original,Benign,0.927506,0.549216,0.689907,1051373,0.001026,0.997802
f33_estratificada_c8,amostra,DDoS,0.877821,0.906445,0.891903,110000,0.093963,0.995891
f33_estratificada_c8,amostra,DoS,0.717143,0.652475,0.683282,40000,0.047286,0.938250
f33_estratificada_c8,amostra,Mirai,0.999365,0.996133,0.997746,30000,0.000083,1.000000
f33_estratificada_c8,amostra,Recon,0.773186,0.914449,0.837906,40432,0.049921,0.998689
f33_estratificada_c8,amostra,Spoofing,0.930414,0.863750,0.895844,20000,0.005436,0.999150
f33_estratificada_c8,amostra,Web,0.695833,0.280672,0.400000,4760,0.002309,0.994328
f33_estratificada_c8,amostra,BruteForce,0.791304,0.327077,0.462843,2504,0.000846,1.000000
f33_estratificada_c8,amostra,Benign,0.628187,0.532200,0.576223,10000,0.012717,0.998100
f33_estratificada_c8,original,DDoS,0.901449,0.874562,0.887802,32536197,0.249204,0.995530
f33_estratificada_c8,original,DoS,0.532326,0.598995,0.563696,7746554,0.109372,0.918675
f33_estratificada_c8,original,Mirai,0.998700,0.996113,0.997405,2521731,0.000077,1.000000
f33_estratificada_c8,original,Recon,0.538433,0.924928,0.680641,661121,0.011817,0.998584
f33_estratificada_c8,original,Spoofing,0.895482,0.863288,0.879091,465937,0.001054,0.999042
f33_estratificada_c8,original,Web,0.298604,0.280646,0.289347,23799,0.000349,0.994328
f33_estratificada_c8,original,BruteForce,0.399731,0.327077,0.359772,12522,0.000137,1.000000
f33_estratificada_c8,original,Benign,0.926284,0.532200,0.676001,1051373,0.001013,0.998900
f33_estratificada_c7,amostra,DDoS+DoS,0.998380,0.998593,0.998487,150000,0.002256,1.000000
f33_estratificada_c7,amostra,Mirai,0.999565,0.996100,0.997830,30000,0.000057,1.000000
f33_estratificada_c7,amostra,Recon,0.773253,0.913954,0.837737,40432,0.049875,0.998689
f33_estratificada_c7,amostra,Spoofing,0.930254,0.864950,0.896414,20000,0.005457,0.999150
f33_estratificada_c7,amostra,Web,0.698701,0.282563,0.402393,4760,0.002293,0.994328
f33_estratificada_c7,amostra,BruteForce,0.800000,0.329073,0.466327,2504,0.000807,1.000000
f33_estratificada_c7,amostra,Benign,0.626246,0.527800,0.572824,10000,0.012717,0.998100
f33_estratificada_c7,original,DDoS+DoS,0.999745,0.999816,0.999780,40282751,0.002168,1.000000
f33_estratificada_c7,original,Mirai,0.999061,0.996061,0.997558,2521731,0.000056,1.000000
f33_estratificada_c7,original,Recon,0.537796,0.925159,0.680195,661121,0.011851,0.998584
f33_estratificada_c7,original,Spoofing,0.892994,0.864567,0.878551,465937,0.001083,0.999042
f33_estratificada_c7,original,Web,0.302876,0.282537,0.292353,23799,0.000344,0.994328
f33_estratificada_c7,original,BruteForce,0.423163,0.329073,0.370234,12522,0.000125,1.000000
f33_estratificada_c7,original,Benign,0.926221,0.527800,0.672424,1051373,0.001005,0.998900
f33_grupos_c8,amostra,DDoS,0.876320,0.908203,0.891976,110134,0.095479,0.984782
f33_grupos_c8,amostra,DoS,0.717551,0.646330,0.680081,39978,0.046654,0.892591
f33_grupos_c8,amostra,Mirai,0.999398,0.995635,0.997513,30012,0.000079,1.000000
f33_grupos_c8,amostra,Recon,0.772694,0.911780,0.836495,40433,0.049849,0.998615
f33_grupos_c8,amostra,Spoofing,0.932923,0.864872,0.897609,20166,0.005273,0.999504
f33_grupos_c8,amostra,Web,0.712432,0.277299,0.399212,4753,0.002101,0.994530
f33_grupos_c8,amostra,BruteForce,0.801541,0.332136,0.469658,2505,0.000806,0.998802
f33_grupos_c8,amostra,Benign,0.628760,0.543120,0.582811,10007,0.012941,0.997502
f33_grupos_c8,original,DDoS,0.899959,0.877501,0.888588,32536197,0.254243,0.986430
f33_grupos_c8,original,DoS,0.534706,0.590796,0.561353,7746554,0.106848,0.839227
f33_grupos_c8,original,Mirai,0.999373,0.995536,0.997450,2521731,0.000037,1.000000
f33_grupos_c8,original,Recon,0.540495,0.923232,0.681824,661121,0.011698,0.998539
f33_grupos_c8,original,Spoofing,0.900960,0.865152,0.882693,465937,0.000995,0.999488
f33_grupos_c8,original,Web,0.314788,0.277351,0.294886,23799,0.000319,0.994520
f33_grupos_c8,original,BruteForce,0.402506,0.332136,0.363951,12522,0.000137,0.998802
f33_grupos_c8,original,Benign,0.927347,0.543120,0.685035,1051373,0.001017,0.997802
f33_grupos_c7,amostra,DDoS+DoS,0.997983,0.998508,0.998245,150112,0.002809,1.000000
f33_grupos_c7,amostra,Mirai,0.999532,0.995502,0.997513,30012,0.000061,1.000000
f33_grupos_c7,amostra,Recon,0.772811,0.911632,0.836501,40433,0.049808,0.998615
f33_grupos_c7,amostra,Spoofing,0.933034,0.865020,0.897741,20166,0.005264,0.999504
f33_grupos_c7,amostra,Web,0.723662,0.276036,0.399634,4753,0.001978,0.994530
f33_grupos_c7,amostra,BruteForce,0.791346,0.328543,0.464316,2505,0.000849,0.998802
f33_grupos_c7,amostra,Benign,0.629604,0.544919,0.584208,10007,0.012936,0.997502
f33_grupos_c7,original,DDoS+DoS,0.999712,0.999779,0.999745,40282751,0.002453,1.000000
f33_grupos_c7,original,Mirai,0.999655,0.995390,0.997518,2521731,0.000020,1.000000
f33_grupos_c7,original,Recon,0.540840,0.923248,0.682103,661121,0.011682,0.998539
f33_grupos_c7,original,Spoofing,0.902731,0.865130,0.883531,465937,0.000975,0.999488
f33_grupos_c7,original,Web,0.337737,0.276098,0.303823,23799,0.000286,0.994520
f33_grupos_c7,original,BruteForce,0.385941,0.328543,0.354936,12522,0.000145,0.998802
f33_grupos_c7,original,Benign,0.927703,0.544919,0.686561,1051373,0.001015,0.997802
f39_estratificada_c34,amostra,DDoS-ACK_Fragmentation,0.990874,0.988100,0.989485,10000,0.000367,1.000000
f39_estratificada_c34,amostra,DDoS-UDP_Flood,0.691403,0.717400,0.704162,10000,0.012927,0.991800
f39_estratificada_c34,amostra,DDoS-SlowLoris,0.903532,0.976339,0.938526,4480,0.001844,1.000000
f39_estratificada_c34,amostra,DDoS-ICMP_Flood,0.999800,0.998600,0.999200,10000,0.000008,1.000000
f39_estratificada_c34,amostra,DDoS-RSTFINFlood,0.999900,0.999000,0.999450,10000,0.000004,1.000000
f39_estratificada_c34,amostra,DDoS-PSHACK_Flood,0.999399,0.998300,0.998849,10000,0.000024,1.000000
f39_estratificada_c34,amostra,DDoS-HTTP_Flood,0.873000,0.800725,0.835302,5520,0.002550,1.000000
f39_estratificada_c34,amostra,DDoS-UDP_Fragmentation,0.992872,0.989000,0.990932,10000,0.000287,1.000000
f39_estratificada_c34,amostra,DDoS-ICMP_Fragmentation,0.990983,0.989100,0.990041,10000,0.000363,1.000000
f39_estratificada_c34,amostra,DDoS-TCP_Flood,0.653561,0.538600,0.590538,10000,0.011526,0.980800
f39_estratificada_c34,amostra,DDoS-SYN_Flood,0.440879,0.248700,0.318010,10000,0.012733,0.972100
f39_estratificada_c34,amostra,DDoS-SynonymousIP_Flood,0.450269,0.618400,0.521109,10000,0.030481,0.919500
f39_estratificada_c34,amostra,DoS-TCP_Flood,0.607332,0.712400,0.655683,10000,0.018595,0.904500
f39_estratificada_c34,amostra,DoS-HTTP_Flood,0.890497,0.923000,0.906457,10000,0.004582,1.000000
f39_estratificada_c34,amostra,DoS-SYN_Flood,0.503692,0.532100,0.517506,10000,0.021167,0.894100
f39_estratificada_c34,amostra,DoS-UDP_Flood,0.705049,0.677200,0.690844,10000,0.011437,0.959800
f39_estratificada_c34,amostra,Mirai-greip_flood,0.995891,0.993800,0.994845,10000,0.000166,1.000000
f39_estratificada_c34,amostra,Mirai-greeth_flood,0.995790,0.993400,0.994594,10000,0.000170,1.000000
f39_estratificada_c34,amostra,Mirai-udpplain,0.997398,0.996600,0.996999,10000,0.000105,1.000000
f39_estratificada_c34,amostra,Recon-PingSweep,0.261905,0.076389,0.118280,432,0.000361,1.000000
f39_estratificada_c34,amostra,Recon-OSScan,0.358350,0.322300,0.339370,10000,0.023299,0.997300
f39_estratificada_c34,amostra,VulnerabilityScan,0.465653,0.554500,0.506208,10000,0.025689,0.999500
f39_estratificada_c34,amostra,Recon-PortScan,0.418688,0.352200,0.382577,10000,0.019742,0.991400
f39_estratificada_c34,amostra,Recon-HostDiscovery,0.621732,0.746700,0.678510,10000,0.018341,0.995100
f39_estratificada_c34,amostra,MITM-ArpSpoofing,0.755779,0.706200,0.730149,10000,0.009213,0.998600
f39_estratificada_c34,amostra,DNS_Spoofing,0.745216,0.755500,0.750323,10000,0.010428,0.995000
f39_estratificada_c34,amostra,SqlInjection,0.386243,0.072709,0.122381,1004,0.000452,1.000000
f39_estratificada_c34,amostra,CommandInjection,0.499276,0.333656,0.400000,1034,0.001348,1.000000
f39_estratificada_c34,amostra,Backdoor_Malware,0.200758,0.086039,0.120455,616,0.000821,0.991883
f39_estratificada_c34,amostra,Uploading_Attack,0.041667,0.008368,0.013937,239,0.000179,1.000000
f39_estratificada_c34,amostra,XSS,0.197425,0.062078,0.094456,741,0.000728,0.995951
f39_estratificada_c34,amostra,BrowserHijacking,0.618182,0.332149,0.432120,1126,0.000900,0.983126
f39_estratificada_c34,amostra,DictionaryBruteForce,0.580411,0.383387,0.461760,2504,0.002720,1.000000
f39_estratificada_c34,amostra,BenignTraffic,0.510503,0.668300,0.578840,10000,0.025870,0.998100
f39_estratificada_c34,original,DDoS-ACK_Fragmentation,0.962351,0.988100,0.975055,272793,0.000236,1.000000
f39_estratificada_c34,original,DDoS-UDP_Flood,0.785136,0.717400,0.749741,5181027,0.025533,0.992000
f39_estratificada_c34,original,DDoS-SlowLoris,0.468038,0.976339,0.632749,22400,0.000552,1.000000
f39_estratificada_c34,original,DDoS-ICMP_Flood,0.999968,0.998600,0.999283,6893259,0.000006,1.000000
f39_estratificada_c34,original,DDoS-RSTFINFlood,0.999993,0.999000,0.999496,3872808,0.000001,1.000000
f39_estratificada_c34,original,DDoS-PSHACK_Flood,0.999750,0.998300,0.999025,3920372,0.000024,1.000000
f39_estratificada_c34,original,DDoS-HTTP_Flood,0.731715,0.800725,0.764666,27597,0.000180,1.000000
f39_estratificada_c34,original,DDoS-UDP_Fragmentation,0.970750,0.989000,0.979790,274909,0.000183,1.000000
f39_estratificada_c34,original,DDoS-ICMP_Fragmentation,0.971427,0.989100,0.980184,433157,0.000283,1.000000
f39_estratificada_c34,original,DDoS-TCP_Flood,0.760502,0.538600,0.630599,4306086,0.017940,0.983000
f39_estratificada_c34,original,DDoS-SYN_Flood,0.536873,0.248700,0.339931,3886130,0.020269,0.982400
f39_estratificada_c34,original,DDoS-SynonymousIP_Flood,0.474093,0.618400,0.536716,3445659,0.056855,0.919500
f39_estratificada_c34,original,DoS-TCP_Flood,0.478971,0.712400,0.572817,2558256,0.046691,0.901300
f39_estratificada_c34,original,DoS-HTTP_Flood,0.790384,0.923000,0.851560,68799,0.000375,1.000000
f39_estratificada_c34,original,DoS-SYN_Flood,0.348760,0.532100,0.421350,1942176,0.044797,0.874000
f39_estratificada_c34,original,DoS-UDP_Flood,0.595689,0.677200,0.633834,3177323,0.034903,0.959500
f39_estratificada_c34,original,Mirai-greip_flood,0.995176,0.993800,0.994488,719655,0.000078,1.000000
f39_estratificada_c34,original,Mirai-greeth_flood,0.995992,0.993400,0.994694,949381,0.000086,1.000000
f39_estratificada_c34,original,Mirai-udpplain,0.994982,0.996600,0.995790,852695,0.000097,1.000000
f39_estratificada_c34,original,Recon-PingSweep,0.080033,0.076389,0.078168,2161,0.000042,1.000000
f39_estratificada_c34,original,Recon-OSScan,0.138060,0.322300,0.193313,93970,0.004209,0.997000
f39_estratificada_c34,original,VulnerabilityScan,0.586326,0.554500,0.569969,357583,0.003132,0.999600
f39_estratificada_c34,original,Recon-PortScan,0.197964,0.352200,0.253462,78730,0.002500,0.990900
f39_estratificada_c34,original,Recon-HostDiscovery,0.490761,0.746700,0.592263,128677,0.002221,0.994000
f39_estratificada_c34,original,MITM-ArpSpoofing,0.792285,0.706200,0.746770,294469,0.001219,0.998600
f39_estratificada_c34,original,DNS_Spoofing,0.615423,0.755500,0.678305,171468,0.001805,0.995300
f39_estratificada_c34,original,SqlInjection,0.111216,0.072709,0.087932,5022,0.000065,1.000000
f39_estratificada_c34,original,CommandInjection,0.199184,0.333656,0.249452,5168,0.000154,1.000000
f39_estratificada_c34,original,Backdoor_Malware,0.065437,0.086039,0.074337,3078,0.000084,0.991883
f39_estratificada_c34,original,Uploading_Attack,0.008597,0.008368,0.008481,1196,0.000026,1.000000
f39_estratificada_c34,original,XSS,0.083410,0.062078,0.071180,3705,0.000056,0.995951
f39_estratificada_c34,original,BrowserHijacking,0.275944,0.332149,0.301449,5630,0.000109,0.983126
f39_estratificada_c34,original,DictionaryBruteForce,0.196516,0.383387,0.259842,12522,0.000436,1.000000
f39_estratificada_c34,original,BenignTraffic,0.883333,0.668300,0.760916,1051373,0.002111,0.998900
f39_estratificada_c2,amostra,Attack,0.978235,0.991477,0.984812,247696,0.546400,1.000000
f39_estratificada_c2,amostra,Benign,0.682413,0.453600,0.544963,10000,0.008523,0.998100
f39_estratificada_c2,original,Attack,0.987094,0.999324,0.993172,43967861,0.546400,0.999990
f39_estratificada_c2,original,Benign,0.941352,0.453600,0.612204,1051373,0.000676,0.998900
