janela,arquivo,rotulo,categoria_esperada,janelas_de_teste,na_esperada,DDoS+DoS,Mirai,Recon,Spoofing,Web,BruteForce,Benign
10,Backdoor_Malware.pcap,Backdoor_Malware,Web,272,0.305147,9,0,122,31,83,0,27
10,BenignTraffic.pcap,BenignTraffic,Benign,0,,0,0,0,0,0,0,0
10,BenignTraffic1.pcap,BenignTraffic,Benign,22489,0.866290,158,0,1436,1231,78,104,19482
10,BrowserHijacking.pcap,BrowserHijacking,Web,281,0.419929,0,0,53,49,118,0,61
10,CommandInjection.pcap,CommandInjection,Web,174,0.178161,62,0,48,19,31,0,14
10,DDoS-HTTP_Flood-.pcap,DDoS-HTTP_Flood,DDoS+DoS,15272,0.985398,15049,0,165,7,12,0,39
10,DDoS-ICMP_Flood.pcap,DDoS-ICMP_Flood,DDoS+DoS,15050,0.999468,15042,0,6,1,0,0,1
10,DDoS-SYN_Flood.pcap,DDoS-SYN_Flood,DDoS+DoS,15011,0.996602,14960,0,51,0,0,0,0
10,DDoS-TCP_Flood.pcap,DDoS-TCP_Flood,DDoS+DoS,15051,0.998937,15035,0,12,1,0,0,3
10,DDoS-UDP_Flood.pcap,DDoS-UDP_Flood,DDoS+DoS,15278,0.999411,15269,0,2,4,0,0,3
10,DNS_Spoofing.pcap,DNS_Spoofing,Spoofing,13054,0.897426,164,0,594,11715,93,1,487
10,DictionaryBruteForce.pcap,DictionaryBruteForce,BruteForce,1469,0.335602,130,0,612,73,94,493,67
10,DoS-HTTP_Flood1.pcap,DoS-HTTP_Flood,DDoS+DoS,13907,0.835766,11623,0,1138,251,235,1,659
10,DoS-SYN_Flood.pcap,DoS-SYN_Flood,DDoS+DoS,14883,0.996775,14835,0,48,0,0,0,0
10,DoS-TCP_Flood.pcap,DoS-TCP_Flood,DDoS+DoS,14957,0.998930,14941,0,7,4,0,0,5
10,DoS-UDP_Flood.pcap,DoS-UDP_Flood,DDoS+DoS,14872,0.994890,14796,0,9,52,0,0,15
10,MITM-ArpSpoofing.pcap,MITM-ArpSpoofing,Spoofing,18210,0.919330,44,0,759,16741,173,1,492
10,Mirai-greip_flood21.pcap,Mirai-greip_flood,Mirai,14866,0.999664,0,14861,0,5,0,0,0
10,Recon-HostDiscovery.pcap,Recon-HostDiscovery,Recon,11716,0.980539,17,0,11488,104,11,0,96
10,Recon-OSScan.pcap,Recon-OSScan,Recon,9084,0.868670,722,0,7891,102,19,12,338
10,Recon-PingSweep.pcap,Recon-PingSweep,Recon,30,0.466667,0,0,14,3,0,0,13
10,Recon-PortScan.pcap,Recon-PortScan,Recon,6597,0.899803,576,0,5936,10,0,3,72
10,SqlInjection.pcap,SqlInjection,Web,370,0.194595,90,0,144,13,72,3,48
10,Uploading_Attack.pcap,Uploading_Attack,Web,113,0.300885,7,0,45,13,34,0,14
10,VulnerabilityScan.pcap,VulnerabilityScan,Recon,5442,0.696068,11,0,3788,434,192,53,964
10,XSS.pcap,XSS,Web,337,0.314540,12,0,130,60,106,0,29
100,Backdoor_Malware.pcap,Backdoor_Malware,Web,76,0.565789,0,0,22,0,43,0,11
100,BenignTraffic.pcap,BenignTraffic,Benign,0,,0,0,0,0,0,0,0
100,BenignTraffic1.pcap,BenignTraffic,Benign,22462,0.981658,40,0,220,17,129,6,22050
100,BrowserHijacking.pcap,BrowserHijacking,Web,81,0.259259,0,0,14,3,21,1,42
100,CommandInjection.pcap,CommandInjection,Web,77,0.389610,37,0,6,0,30,0,4
100,DDoS-HTTP_Flood-.pcap,DDoS-HTTP_Flood,DDoS+DoS,8618,0.998027,8601,0,5,0,4,0,8
100,DDoS-ICMP_Flood.pcap,DDoS-ICMP_Flood,DDoS+DoS,14916,0.999195,14904,0,7,0,0,0,5
100,DDoS-SYN_Flood.pcap,DDoS-SYN_Flood,DDoS+DoS,15101,0.999934,15100,0,1,0,0,0,0
100,DDoS-TCP_Flood.pcap,DDoS-TCP_Flood,DDoS+DoS,14978,0.997129,14935,0,15,0,0,0,28
100,DDoS-UDP_Flood.pcap,DDoS-UDP_Flood,DDoS+DoS,15042,1.000000,15042,0,0,0,0,0,0
100,DNS_Spoofing.pcap,DNS_Spoofing,Spoofing,3143,0.989819,22,0,4,3111,3,0,3
100,DictionaryBruteForce.pcap,DictionaryBruteForce,BruteForce,273,0.358974,30,0,115,0,8,98,22
100,DoS-HTTP_Flood1.pcap,DoS-HTTP_Flood,DDoS+DoS,9137,0.862099,7877,0,916,3,38,0,303
100,DoS-SYN_Flood.pcap,DoS-SYN_Flood,DDoS+DoS,15035,0.999667,15030,0,5,0,0,0,0
100,DoS-TCP_Flood.pcap,DoS-TCP_Flood,DDoS+DoS,15065,0.999403,15056,0,1,1,0,0,7
100,DoS-UDP_Flood.pcap,DoS-UDP_Flood,DDoS+DoS,14907,0.999128,14894,0,0,7,0,0,6
100,MITM-ArpSpoofing.pcap,MITM-ArpSpoofing,Spoofing,3864,0.998188,1,0,4,3857,0,0,2
100,Mirai-greip_flood21.pcap,Mirai-greip_flood,Mirai,3586,1.000000,0,3586,0,0,0,0,0
100,Recon-HostDiscovery.pcap,Recon-HostDiscovery,Recon,3842,0.941437,6,0,3617,2,24,0,193
100,Recon-OSScan.pcap,Recon-OSScan,Recon,1397,0.767359,95,0,1072,4,0,0,226
100,Recon-PingSweep.pcap,Recon-PingSweep,Recon,18,0.500000,0,0,9,0,0,0,9
100,Recon-PortScan.pcap,Recon-PortScan,Recon,850,0.830588,32,0,706,0,0,0,112
100,SqlInjection.pcap,SqlInjection,Web,102,0.019608,14,0,71,1,2,0,14
100,Uploading_Attack.pcap,Uploading_Attack,Web,31,0.838710,0,0,4,0,26,0,1
100,VulnerabilityScan.pcap,VulnerabilityScan,Recon,4875,0.828923,0,0,4041,2,0,0,832
100,XSS.pcap,XSS,Web,98,0.744898,0,0,16,0,73,0,9
