janela,classe,precisao,recall,f1,suporte,taxa_falso_positivo
10,DDoS+DoS,0.985010,0.979662,0.982329,134281,0.019157
10,Mirai,1.000000,0.999664,0.999832,14866,0.000000
10,Recon,0.844020,0.885850,0.864429,32869,0.026132
10,Spoofing,0.920221,0.910184,0.915175,31264,0.011888
10,Web,0.328645,0.287007,0.306418,1547,0.003823
10,BruteForce,0.734724,0.335602,0.460748,1469,0.000750
10,Benign,0.849666,0.866290,0.857898,22489,0.015936
100,DDoS+DoS,0.997724,0.988925,0.993305,122799,0.006186
100,Mirai,1.000000,1.000000,1.000000,3586,0.000000
100,Recon,0.868825,0.860044,0.864412,10982,0.009106
100,Spoofing,0.994292,0.994434,0.994363,7007,0.000249
100,Web,0.486284,0.419355,0.450346,465,0.001233
100,BruteForce,0.933333,0.358974,0.518519,273,0.000042
100,Benign,0.923096,0.981658,0.951477,22462,0.012659
